0	0x000F422887eA7d370FF31173FD3B46c8F66A5B1c
1	0xf5466587A99f57d0D726Ad59839Ba1013534F17e
2	0x4d846dA8257BB0Ebd164EFf513DfF0F0c2C3c0ba
3	0x43190e31a7Bc5ba7A8db44e8A87106c8E963b7F7
4	0x9FC071d81385c8D699c3d9a8657888f3E1c782DC
5	0x39A7261F1FeCAFb3f5398acc7EF615687037d14B
6	0x5D26B22Fa721EF6fd986a2a3F6040D26fc06c61e
7	0xB2Ca82d3CCCbDdE8CC8F4BBeD33344909FE10F3b
8	0x18916e1a2933Cb349145A280473A5DE8EB6630cb
9	0xF5CA16365865326ea771D3CB0Ab7054759960215
10	0xf11d1823501942677009fa1A012Fe6bf85E71Bc8
11	0x503828976D22510aad0201ac7EC88293211D23Da
12	0xF40f44a502D8FfA2b36aB6F1D25c27Da6C96bcD1
13	0x0F442fa32B54C9f5b50fB80D714ADF7a0b85eF1D
14	0x5BD4b7002F82B98e7E3a6fa85a31fD2E6b2ff1EC
15	0x21a31Ee1afC51d94C2eFcCAa2092aD1028285549
16	0xf6AEe0C5Ca0E834dAFFf03280f2C645c55D1b92B
17	0x56Eddb7aa87536c09CCc2793473599fD21A8b17F
18	0xe31937A26457AC459832a539d24301BE808a468e
19	0x9696f59E4d72E237BE84fFD425DCaD154Bf96976
20	0xC3eccE89Bb962A7E71CFAaf975fFE3d1E17B838c
21	0x4976A4A02f38326660D17bf34b431dC6e2eb2327
22	0x8913A28e35C7B38A360f72977a9C333cc468c343
23	0xddfAbCdc4D8FfC6d5beaf154f18B778f892A0740
24	0x180BB695964df096Ffb96b01c45398bfD33C61aa
25	0x39F656d882519045B23ceAB628ff60674cF5035e
26	0x3C02290922a3618A4646E3BbCa65853eA45FE7C6
27	0x6767526a362EC6c6b1DF185478e4F01506B73Ff3
28	0xa3bdA193B6FB9F36b387C2e1Bb76B8F496CD67ef
29	0xB71a5088EF0219686945Ea530f6943179074E8f9
30	0x65b6cBe7dAC6260AFBB526a05518EaD88ea2BCA5
31	0x05e3C92327161B470ef0270aFFe206B469856a34
32	0x2d6eE5C8A3b2370CBC0de309bf5d1a4Aa09c3918
33	0x5C8a2771B42e49237E83684832d3C0cDD1825C21
34	0x28C6c06298d514Db089934071355E5743bf21d60
35	0x3cD751E6b0078Be393132286c442345e5DC49699
36	0x4F76721907Ab45492748aAde3C395e9D375E9f9b
37	0x1AE6912E08bB3e105a4f0A60f666376D3c7aF380
38	0x1cF0cBB9f563529D5C6617Bb5C37557c6338D4F9
39	0x04f018f91d033568fB1aA9AB5C3486415296f961
40	0x777C5BA3f01f2E253c9411CA0916c065D297216e
41	0xb5d85CBf7cB3EE0D56b3bB207D5Fc4B82f43F511
42	0x140173B2B040ab70D761FDD33Fb83286cAE1C2bc
43	0xC1ff1e3dD0509fdaA3497bFeFcF4A46678E0d6AB
44	0x95A9bd206aE52C4BA8EecFc93d18EACDd41C88CC
45	0xdA11665ABACD47E0E8d6AD71899CcBC85C5B6f9b
46	0x08a335283015AfB5Eb9aaCBAF30a601f73D679Ef
47	0xB2942Bc0231cE12666135752C99024A358ACbAe1
48	0x0e6B76Fc335F2a62B6c299a16511a3530E940554
49	0x265E96326285B151A0d02A3A8843d07eBEBD70E8
50	0x1e739f880671c081951e974Cf781f92F61B1008C
51	0xEEB735560c4774Fc2B8B3a2356Cfc56b35AC4d99
52	0xD0D86302276995EEAC5B436013db95740A57C37b
53	0x2B0b36bcCDbb1b3F355aeb875A1BaF0Fa58e27fB
54	0x063728699963F1eC817BDE7E3390aC85B379804d
55	0x8b9eB9b1d273d3c9fFc79A06867342aEfdc4E5c8
56	0x64fA3222ac1336dAd7f0e17A2235b2B6026dE561
57	0x6eb357501F7285c1b01B0548E9f5c4607B8607F6
58	0x0A0299b51a1487192d3fFe56993cAF988a38B331
59	0x80dAEc5719621Fde706700d7851e57E200F51a68
60	0xAb8E7a043F04528DF6c2A9d8c1cE484fFf6bD2Ce
61	0x1148eF7C502f2522944e04aFb60E5935eD61C5F8
62	0xC336008a8672fB5270Dca148Ae456C289FA3C68f
63	0x8F7837e4DC33B69A0eEa9d8eb8cd04e2CB5A7a9D
64	0xc539B6338D3d5a6219F01B75294666589c22378c
65	0x77Ea512c0ee5E7b0A62D0712479Cf4cCF09cD81a
66	0x8c3CF7Fb373A534d14Bc1Ba43cE1aff5da4F712d
67	0xAD51aE2c62a9b471C3F3E0C7fcA219aF86980861
68	0x165CD37b4C644C2921454429E7F9358d18A45e14
69	0xE56C30051AF83F892B97736156AfE99755d7A8cC
70	0x3514f953Ae42f2929445f7037b87A9d5E829A14a
71	0x6e6a5Ade90e60aE883f0B35fb2E8D8f66e5D7a07
72	0xE2093BA0FFec4A1513a854FAA837394c33d9f1C0
73	0xBB59fE8C011bA6ae8Ed84e25415f0531303e3b69
74	0xDA8EADEe1193dC319740b7fC214763fE57B8e2fF
75	0xf8cE892d934a22Cb7349b3175BdF55733b1DC591
76	0xf99b11016b4e9Ab00226446AF3715610359fA8CD
77	0x8f2ed6E59a27A96277B233EEa9a0F0f460CcAE31
78	0x7de9c6e169f83FcA61A9d057C0AfbB143287b702
79	0x3865e86D3c1CD57b937b2ae3b7EA78430712C7e7
80	0x75e849Ee3a2db2E75657c5e98F04557623306aB4
81	0x7E9a3F5Ce4839dba4FE2554aa3Cf705696E5994d
82	0x067f4bE5f4b1162D936cF9FbCa3d2DB2CAEaAa98
83	0xaFD4A0E778995904D32beB416B00e95ad64578d7
84	0xEC169Cb4fDE270e43FaEAb49A3e4bab1c554ee0c
85	0x311a246119135b0dDb610feC9087b3338c856B07
86	0xC2740Fa17784677c78d03D06e6Fe581923fE1282
87	0xf3575D339b6eE87bD28b61E86d4736B0e14F7886
88	0xF623cF6FF0eC46b073202FcFA402076EfCB8c3e1
89	0xDE39b82711DAaD5D52e4c061fE4b8E2f1cDA1659
90	0xEF285C982401873D6fdeB5DdE2EcbDedE868F99A
91	0xBD0cE2f515c2C0a3E553014Ac1eD44843b5515C1
92	0xc8255af4091DA943B8BcF665c2e2eA87e312c690
93	0xb1dCba3B94a8b93be8db33D58F2AF50051e7DC25
94	0x83C8F28c26bF6aaca652Df1DbBE0e1b56F8baBa2
95	0xa1f2b8bf722de740eD15d541f66644B607158ea8
96	0x9672A5Ce595A435959e4afcBb8B556A895A0EaBE
97	0xfA781AD6E9bbC4bbD1E810ac8cE13b0638F581DF
98	0x5A9AB69131a34df1B8Ca4d1c8fB923d898AE9Ff3
99	0x207452b23bc77Ee750a9A6e170e449aCEC6D2aF1
100	0xAdd584049b5368F38c81f57f9eB4e44eA9e6b951
101	0x6402723D9769167317290A63289696FcF18aF1F2
102	0xf16E9B0D03470827A95CDfd0Cb8a8A3b46969B91
103	0xED4E84360D90D6250f24d4c0572e2F2F7926F24c
104	0xeC30d02f10353f8EFC9601371f56e808751f396F
105	0x3516e37403fE829e59AaEB5f27574A47E567d86C
106	0x87d9dA48dB6e1F925CB67d3b7d2a292846c24cf7
107	0x453A07068A3E95bC5d1CBeD493c4f6eC2a2BbB29
108	0x222eb6881f141ecDd4e39B765F0ceb99c3C667c1
109	0xcaD621da75a66c7A8f4FF86D30A2bF981Bfc8FdD
110	0x253b67533bE1c62e93fe0EE905EbdD814EA88C96
111	0xd51CFcae58cAec23B15eE4050bA25CB99E6E603D
112	0xf61EDDfa3EBF49d8e6D6f7E48da7f1A08C203CB6
113	0xC23ea5AC08069e53B23E29458B85c940E4cB6967
114	0xA4F97542F9fc80f9C059B0f67D4131a41E18C02f
115	0x1CaEDA5f94f8A443a63614cd3dab7d1a16f1e325
116	0xa819Cd265E39208307D6f9dECB13B0354f114490
117	0xd683b6dBe2D746E159d9eEf5fcDAB701402f8Db9
118	0xc5e88992f05101877E3f277BEA74949F2F2e2281
119	0xe96C2Aa41c3212435aCfA0692A40723E54B903f7
120	0xCf9c8Ebd97A24ac8eDf5e6b465E967dc32c3BF18
