0x4d846dA8257BB0Ebd164EFf513DfF0F0c2C3c0ba	0x4d846dA8257BB0Ebd164EFf513DfF0F0c2C3c0ba
0x9FC071d81385c8D699c3d9a8657888f3E1c782DC	0x9FC071d81385c8D699c3d9a8657888f3E1c782DC
0x5D26B22Fa721EF6fd986a2a3F6040D26fc06c61e	0xB2Ca82d3CCCbDdE8CC8F4BBeD33344909FE10F3b
0xf11d1823501942677009fa1A012Fe6bf85E71Bc8	0xF5CA16365865326ea771D3CB0Ab7054759960215
0xF40f44a502D8FfA2b36aB6F1D25c27Da6C96bcD1	0xF40f44a502D8FfA2b36aB6F1D25c27Da6C96bcD1
0x5BD4b7002F82B98e7E3a6fa85a31fD2E6b2ff1EC	0x5BD4b7002F82B98e7E3a6fa85a31fD2E6b2ff1EC
0xf6AEe0C5Ca0E834dAFFf03280f2C645c55D1b92B	0xf6AEe0C5Ca0E834dAFFf03280f2C645c55D1b92B
0xe31937A26457AC459832a539d24301BE808a468e	0x56Eddb7aa87536c09CCc2793473599fD21A8b17F
0xC3eccE89Bb962A7E71CFAaf975fFE3d1E17B838c	0xC3eccE89Bb962A7E71CFAaf975fFE3d1E17B838c
0x8913A28e35C7B38A360f72977a9C333cc468c343	0x8913A28e35C7B38A360f72977a9C333cc468c343
0x180BB695964df096Ffb96b01c45398bfD33C61aa	0x180BB695964df096Ffb96b01c45398bfD33C61aa
0x3C02290922a3618A4646E3BbCa65853eA45FE7C6	0x6767526a362EC6c6b1DF185478e4F01506B73Ff3
0x65b6cBe7dAC6260AFBB526a05518EaD88ea2BCA5	0xB71a5088EF0219686945Ea530f6943179074E8f9
0x28C6c06298d514Db089934071355E5743bf21d60	0x28C6c06298d514Db089934071355E5743bf21d60
0x4F76721907Ab45492748aAde3C395e9D375E9f9b	0x3cD751E6b0078Be393132286c442345e5DC49699
0x777C5BA3f01f2E253c9411CA0916c065D297216e	0x04f018f91d033568fB1aA9AB5C3486415296f961
0x140173B2B040ab70D761FDD33Fb83286cAE1C2bc	0x140173B2B040ab70D761FDD33Fb83286cAE1C2bc
0x95A9bd206aE52C4BA8EecFc93d18EACDd41C88CC	0xdA11665ABACD47E0E8d6AD71899CcBC85C5B6f9b
0x08a335283015AfB5Eb9aaCBAF30a601f73D679Ef	0x08a335283015AfB5Eb9aaCBAF30a601f73D679Ef
0xB2942Bc0231cE12666135752C99024A358ACbAe1	0xB2942Bc0231cE12666135752C99024A358ACbAe1
0x0e6B76Fc335F2a62B6c299a16511a3530E940554	0x0e6B76Fc335F2a62B6c299a16511a3530E940554
0x1e739f880671c081951e974Cf781f92F61B1008C	0x1e739f880671c081951e974Cf781f92F61B1008C
0xD0D86302276995EEAC5B436013db95740A57C37b	0xD0D86302276995EEAC5B436013db95740A57C37b
0x063728699963F1eC817BDE7E3390aC85B379804d	0x063728699963F1eC817BDE7E3390aC85B379804d
0x64fA3222ac1336dAd7f0e17A2235b2B6026dE561	0x64fA3222ac1336dAd7f0e17A2235b2B6026dE561
0x0A0299b51a1487192d3fFe56993cAF988a38B331	0x0A0299b51a1487192d3fFe56993cAF988a38B331
0xc5e88992f05101877E3f277BEA74949F2F2e2281	0x80dAEc5719621Fde706700d7851e57E200F51a68
0xC336008a8672fB5270Dca148Ae456C289FA3C68f	0x1148eF7C502f2522944e04aFb60E5935eD61C5F8
0xc539B6338D3d5a6219F01B75294666589c22378c	0xc539B6338D3d5a6219F01B75294666589c22378c
0x8c3CF7Fb373A534d14Bc1Ba43cE1aff5da4F712d	0x8c3CF7Fb373A534d14Bc1Ba43cE1aff5da4F712d
0x067f4bE5f4b1162D936cF9FbCa3d2DB2CAEaAa98	0x067f4bE5f4b1162D936cF9FbCa3d2DB2CAEaAa98
0x3514f953Ae42f2929445f7037b87A9d5E829A14a	0xE56C30051AF83F892B97736156AfE99755d7A8cC
0xE2093BA0FFec4A1513a854FAA837394c33d9f1C0	0x6e6a5Ade90e60aE883f0B35fb2E8D8f66e5D7a07
0xDA8EADEe1193dC319740b7fC214763fE57B8e2fF	0x207452b23bc77Ee750a9A6e170e449aCEC6D2aF1
0x7de9c6e169f83FcA61A9d057C0AfbB143287b702	0x7de9c6e169f83FcA61A9d057C0AfbB143287b702
0x75e849Ee3a2db2E75657c5e98F04557623306aB4	0x75e849Ee3a2db2E75657c5e98F04557623306aB4
0xEC169Cb4fDE270e43FaEAb49A3e4bab1c554ee0c	0xEC169Cb4fDE270e43FaEAb49A3e4bab1c554ee0c
0xC2740Fa17784677c78d03D06e6Fe581923fE1282	0x311a246119135b0dDb610feC9087b3338c856B07
0xF623cF6FF0eC46b073202FcFA402076EfCB8c3e1	0xF623cF6FF0eC46b073202FcFA402076EfCB8c3e1
0xEF285C982401873D6fdeB5DdE2EcbDedE868F99A	0xEF285C982401873D6fdeB5DdE2EcbDedE868F99A
0xc8255af4091DA943B8BcF665c2e2eA87e312c690	0xBD0cE2f515c2C0a3E553014Ac1eD44843b5515C1
0x83C8F28c26bF6aaca652Df1DbBE0e1b56F8baBa2	0x83C8F28c26bF6aaca652Df1DbBE0e1b56F8baBa2
0x9672A5Ce595A435959e4afcBb8B556A895A0EaBE	0xa1f2b8bf722de740eD15d541f66644B607158ea8
0x5A9AB69131a34df1B8Ca4d1c8fB923d898AE9Ff3	0xfA781AD6E9bbC4bbD1E810ac8cE13b0638F581DF
0xAdd584049b5368F38c81f57f9eB4e44eA9e6b951	0xAdd584049b5368F38c81f57f9eB4e44eA9e6b951
0x87d9dA48dB6e1F925CB67d3b7d2a292846c24cf7	0x453A07068A3E95bC5d1CBeD493c4f6eC2a2BbB29
0xeC30d02f10353f8EFC9601371f56e808751f396F	0x3516e37403fE829e59AaEB5f27574A47E567d86C
0x253b67533bE1c62e93fe0EE905EbdD814EA88C96	0xcaD621da75a66c7A8f4FF86D30A2bF981Bfc8FdD
0xA4F97542F9fc80f9C059B0f67D4131a41E18C02f	0xA4F97542F9fc80f9C059B0f67D4131a41E18C02f
0xa819Cd265E39208307D6f9dECB13B0354f114490	0xa819Cd265E39208307D6f9dECB13B0354f114490
0xCf9c8Ebd97A24ac8eDf5e6b465E967dc32c3BF18	0xe96C2Aa41c3212435aCfA0692A40723E54B903f7
