0	0xC2920044E795173A358919033A2386CD548Cf37F
1	0x45225d3536Ac02928f16071AB05066bCE95C2cD5
2	0xf3e36aD56aa85ABdaCc18c02D19509ae4F7d5899
3	0x5D6955152c9DAAD398025F053cb39EAC1736e88C
4	0x5Bb2d4DCC82983d8EA7E5Bf114D9769A21e2DD67
5	0xf155a4c621A820EAc9327a3add6283A17ef60D4B
6	0xCC382ADD6EB54378F022Da5283F06b3b4f434Ba3
7	0x0f6776439dFd06BF36f62d03eC7b2ce6f96631d1
8	0xF5e120F85db872CA99C09ea4BeF24F2a03550BB1
9	0x876EabF441B2EE5B5b0554Fd502a8E0600950cFa
10	0x26bf204fD437f7a69889afb702d0bfd62f48D62F
11	0xA630D1370Daf9e8cbfe6971Ad2e7980C285004Da
12	0x151B381058f91cF871E7eA1eE83c45326F61e96D
13	0x02f5c211Ee1353fa61Ad67e61Fa3d76c948c41dD
14	0x3D5202A0564De9B05eCd07C955BcCA964585ea03
15	0x828eE5D2664b4cDA375f2B9040ae5F0f7DED00F9
16	0xb5d85CBf7cB3EE0D56b3bB207D5Fc4B82f43F511
17	0x48e9f9c5f3042E879D4996541AD95242d5c068dE
18	0xA08aC72a3e0119BA813413C0Ba757f9820E3154B
19	0x3cD751E6b0078Be393132286c442345e5DC49699
20	0xe21A1E2311c96Fb8b325A9C76b98aD0736d3f487
21	0xddfAbCdc4D8FfC6d5beaf154f18B778f892A0740
22	0x7eaab970F8527a8DfB9c016a1B30CeFd90129D6e
23	0xe1D2D93C84F644556FBE56CEF977CE35525a7EA4
24	0x02c7f6B878F96711624a4E3780eC5De8bD1aA96b
25	0xbFA9f7A38e1003172A783536C931C40eF5ecaaF7
26	0x14c78aE956876763d868aCDFc12Bfa1565DadFdc
27	0xf3A131Ce3fE8e8940eF7D178F026CF1C351e4Ebf
28	0xda383A38c9CBe9E25465E15a275fb6AC061Cda53
29	0xb7BFcDC3a2AA2aF3Fe653C9E8a19830977E1993C
30	0x165CD37b4C644C2921454429E7F9358d18A45e14
31	0xCBf382B27fd7Ef5729EA350a68E44b83e89756f7
32	0x286AF5CF60aE834199949bBc815485f07CC9C644
33	0x20819B88b0D737D410C7DA01e102f7Dc2Bb92197
34	0x6dfc34609a05bC22319fA4Cce1d1E2929548c0D7
35	0xEf9274b6F87f42BEAC7eA14b1A56e63FA4cABB93
36	0x0B7a434782792B539623Fd72a428838eA4173B22
37	0x00E1D7Ce9E236f6a9A23E4a7D767Bd5473372063
38	0xc79dF9fe252Ac55AF8aECc3D93D20b6A4A84527B
39	0xeB2629a2734e272Bcc07BDA959863f316F4bD4Cf
40	0x8c1C74Aa2D4e713693e5b057Fc550aE7Cc07B26a
41	0x43C3382a5514d798e658F4019bA4D8e47f51ab65
42	0xBC7e684a2761B839a069236cdFF586a07F48D277
43	0x6cc8dCbCA746a6E4Fdefb98E1d0DF903b107fd21
44	0xdf0468E041dD085bEF125bff80CD2f603162c9b0
45	0x3a9E6cF4E3157670A3b991C25d6F4fcbD9419C03
46	0x9ec3B47e83945C4Bf24e870dE3cA81D72Ee87f2a
47	0xF623EDBEfA7C1ACF8AE75Fcc7415f6f1FA58A538
48	0xF6994ac9e03eabEb832da95da873B5bce4b31b31
49	0xA71a89514ee36c463E7691B6100Db2C2B60cC4a8
50	0x2EdEBD810A15a88f6a8889745225Eb73D2059ED7
51	0x8aC641BD7721E8C0ac1060ACb7CdB05c5171b124
52	0xD2977e6Ab9b9CcD320e323aF24b754B05617d5f6
53	0x8e157D76d4DBa4f07005E72B52e225250e6fc543
54	0xB5D3FE34B4da396A54e9c683B5B8364dF6066541
55	0x24772B1a6d2751e747079167DD73e20D3ED05dCa
56	0x241B70AE1bF0F2ee3BAEE20371aa81A144c6c9Ac
57	0xF598b81Ef8c7b52a7F2a89253436e72ec6DC871f
58	0xEB3cc6A1A2DbeB4F171425FFE486B6A749B7CE70
59	0x28a010B6067173146b8574237c2fA4FeB3319e6b
60	0x49E7bf78E6ceE30cb8aAC4c90BD7eA75F0617158
61	0xc66bD9A79cE681fab19512aA00245B7Ca9d03eFf
62	0x562680a4dC50ed2f14d75BF31f494cfE0b8D10a1
63	0x7b732FFFa30440b0C372C6aB9C2736f36da3609B
64	0x7193FE0AEbAAee105eaDA5887E59C1E25E977817
65	0xC9ca292046a5733f73A09CC9070c543aD1Fe85Ed
66	0x7abE0cE388281d2aCF297Cb089caef3819b13448
67	0x4f29Fd5555B7Ff4eD4072a89c5b6e28F46a86385
68	0xb7f830845E9F385372AE6fB160Aa968908F5BFBC
69	0xa7b741fFc55CAA974F7F398Ee779FCfCAdFEf174
70	0xE71633199c9eF6D6901a63Ce0a4DbeAf7065ce38
71	0x7a752c96762e3c006554a88aBCCB4184D5be79b5
72	0x67e1B98d04bC7ddFde9A2c70bCAFab64A8fc34Fc
73	0xCF6EF8b7f3C92441351D21C217e6E0FaD687a291
74	0xE0b5e4DB245414C0050C2BDD72334b2822e0A7E4
75	0xD1C5103664d0af1EeC81792D4bD815AC3281a8Cf
76	0xA465AF0f1449d5fb6d6E99d20e43f5C114A2444F
77	0x2D491870B1F7f5734ceeeeb62bd559D79eD15334
78	0x8f2b4844831343B2097955fB57D4c8FDD3dEf477
79	0x6E5d68e86ab1fB05c8136102a9679fC9DD3eDbBD
80	0x5eF1104e5272E1F59C59acc00c881d4b362cD0b1
81	0x000F422887eA7d370FF31173FD3B46c8F66A5B1c
82	0x8C868E42F6B68d859E980B7e57ec687674fE264D
83	0x2961D3851D8b94400373Fe55a6671645fC829E60
84	0x53940a362F9dcf5aBEB202a36292Dd622AA89F6a
85	0xeE0C6D14cECA17e6cf7d74836e775b1c7008B371
86	0x7180B9FA294637862129beBdC90ED3950Eabec2b
87	0x0de9342d613BfC62Fb612c1F1b16D42182897b85
88	0x8AEc3A4989e66cb45b18bF36076a602509dB975E
89	0x8edb013f495620434a202c5d1908a00C3aF2CbA9
90	0x09d4ce2C8f009192455F4aD68838123C3480Eed1
91	0xA9e703c6b0d9103E1F603a147bE79Fbf75865bC0
92	0x3b0Cc6f8BEf660AB3693Bb048551e9a31135997C
93	0xb312A0FbC00C906D67a718746475AcB4cea49778
94	0x0FD167EDeffe80c68D670a666C12DEf097068A51
95	0xD8BfF57E14760DE2657c2F5649167fAFdC88a002
96	0x863085d3B9d3e150d63b40Dfe64583D7076b4318
97	0xa02Bc7816b18aD66e26B81E05Ad1F201E04A1CBd
98	0x9967e882291Ce3A0Dda1dE423c014B4108fe2455
99	0x07d194326aC7c6E2C3d62Abb972b761A227751CD
100	0xd87F789d31C78590E08aE8fA789762c9028b963c
101	0x92407a9c9B491781E2aE2940025485b3CEB2B6Fb
102	0xd81E4B942d848aDEc148357e0cb5FFC2aB1675eC
103	0x06E2530838C72E60f3E385083ACd21f39eC07f59
104	0x9c80560aeb8FD380C4CED8489b781D2BD98bcC4b
105	0x9787FFBd8AC920317Ba43333913419f14489AA5F
106	0xBC86a537696631DDf2b3e5f11eE7Fd1940ddcF52
107	0x6cA7f6D36E1aB452A2d91cC58393A586738a70D9
108	0x6cC5F688a315f3dC28A7781717a9A798a59fDA7b
109	0xaC0e89c71442025B4e485901725173Bfd8b2f30A
110	0x698B81C1A6A60eCBc94c66dE1CACb2355aB1d9b6
111	0xA63417b80bb6c32a80b0b7dF28B88dAab1dd2194
112	0xEE9563497136d59a71D4E21551a5f4E8F6914876
113	0xd62b917F5f20755C14caB5ED7FD2b2234484Ab1B
114	0x2c13De5E7c44D41E618d894A60Fa92222884145c
115	0xAeCd0ac9b9180F62ac728DA5D13A60eFc1FF8ecD
116	0x69e3708147c586A3f7B1273f8f1C353668A8eC8e
117	0x71660c4005BA85c37ccec55d0C4493E66Fe775d3
118	0xE36393bb20EC673C86BC130Bd7b72fa17670815A
119	0xf08026bb7DA9f36A7aB1a24125227350D9496A58
120	0x970C7ab1ca32547eaaCDfCC89F6Ed924600da867
121	0x28C6c06298d514Db089934071355E5743bf21d60
122	0x153FabAef65a76Fda755aDD2695d17FbeB5e8D50
123	0x4976A4A02f38326660D17bf34b431dC6e2eb2327
124	0xE863e6A42E62C7d311cCBA5A1D7Eb8F91Bb306BA
125	0x21a31Ee1afC51d94C2eFcCAa2092aD1028285549
126	0x14Fe3Be11D887E9C700d01595b74CB3e24D83b6E
127	0x8ae51c931B027332ce275667424fD9E092c58b09
128	0x7713605aE7DdAfb01ac6497D363aBAa96E4fAB41
129	0x60a678BFDF15D5c271294acF36fe311e2d4C204D
130	0xDF912910F420Ff1AB8CDd21bEBE44CdcD7Ad9Ed8
131	0xcEE631e5Ad3F5FE0898449C5E54022A27330Ee01
132	0xAC46834b5b94732ce4dB0Dd12E239e736d2d7bb7
133	0x51fd6600845F0449E1c98b15Ab9C7bCC34196D5A
134	0xD14Ec2cbD029abaa2149560c755DB14512747f75
135	0x6679f8dFf0Cc3DB2E7F447e558444391C3c08F1d
136	0x2d11fE9906c7428eaBBF2e48A68341d6B2e6ddAa
137	0x8Cbc81d3A967D58979dCebBccdd451A24CD27Ee2
138	0xd6a3B4ae6369b722AFBA50315D96387f9C1a7a77
139	0xFD99fd9Bf9963B23c5cC504557A944e2AC63a37b
140	0xF9a9175dbAB1b2687a1F5e2d668332E1f150f5f9
141	0xFFBc719Cf7812c94d60fcF04E4C45F99A830c50e
142	0x9B2975Da839883eEf182De2639348fC1A4cEe3CD
143	0x7891b20C690605F4E370d6944C8A5DBfAc5a451c
144	0x238783E59852199AbB05aB5766ED58eedE79ccaB
145	0x4069e799Da927C06b430e247b2ee16C03e8B837d
146	0xb6eDFeF8C3b4F9e9fF3E84d658C40297768b526e
147	0xB8001C3eC9AA1985f6c747E25c28324E4A361ec1
148	0xDb4faF3B5a68b5058FBdDb4B146BeAD9c255aF50
149	0xc87287Ab5c515cA70E502EBddd6C99cCFa9E380c
150	0x2C22c48143DD67e79956e62854c3A9134805b5f4
151	0x077D360f11D220E4d5D831430c81C26c9be7C4A4
152	0x374803230A6213034d24963E22dd13422723E238
153	0xC098B2a3Aa256D2140208C3de6543aAEf5cd3A94
154	0xDCc3b06849992Fac18519f18Cd92D58BCEA82dA3
155	0xa60c6dD0ada6CCFA764d337fa39aaee2b3D5E01E
156	0x12896b1864eEe55262b13b8A4471dF36e03492E1
157	0x25465D65352e7ea5F1839eDFcc1eB7B77b030B86
158	0xeAd327e7878aBEa73bfc9e20e24d92210f8F353d
159	0x2f2349D43B759ED0a65354Bdf08Ed7d7D87271a1
160	0xA090e606E30bD747d4E6245a1517EbE430F0057e
161	0x4270302153177c61fD7bEf9297E2a9CA0E6a058A
162	0xD97B0EC5bB4fd8cD4c7a7d5F9A0065F4e6b20f1f
163	0xdBA20d5186e13327833FCe6d61C030D07A59eC6c
164	0x16718A4ED86F2c879cD3c693c2f74cad2311b23C
165	0xF6937144D7a85a57A67eF9F970F757FE4c221496
166	0x2E4e761d6c3CC7495537dBb098B1Cad7FFC0D77c
167	0xEfF62ec8007F6aed1D2acf65983c3044120ba3e5
168	0x644b4F54Faa0476C4fb5094acAF75A6DDe4ed776
169	0xb2EAa0c960fD0c48860548eFFD0E1D8801eae8cc
170	0x861F9EB295Db2C4D8d25C19821e9E089d54d2512
171	0xDFdC4118b95Ddc93c643623bc76756a818AFcBcB
172	0x139Fbeb1990b41cE36E739301733A0562e4b2680
173	0x1a9ae375f591F016b0ab98c88FA58f43e1e4421d
174	0x59Bfb3622221F64fCe0d3D793270BdFAd6b2Bc0B
175	0xAB4879954Bd4C6897d30Fa89A156c91999eb93fC
176	0x41A1B750938C7e278aF953406B69EB853a971bBD
177	0x08Ec9f2c56135c21553B6D5699Ea66156b880861
178	0x08fD85171E7620fbEDc0E932aBAa0aD8964ab4d6
179	0x3f51c553c9Fb160AF4ACdae03F4dd9eFFf0b5e31
180	0x8Fdd14eC483Cd6AD52d08CB3cC97a6874d14bC11
181	0xd601b4afDB318718c3fC33ABb1eeFD957dd55cef
182	0xee7038Db319A88A65861268e0f7f7d3eDC8F3F0c
183	0x8e4EC9477D3ed98F364394139EC0CB77A7F0Fd77
184	0x3aB28eCeDEa6cdb6feeD398E93Ae8c7b316B1182
185	0x940Df5D260FBb41ea4Ba2668e41e261233603Efc
186	0x2415F81E33847EB2E5139277A48c8F92b16cD458
187	0xf6Dc04FD3d44E4962977c59d6961CF0F1D87e5E2
188	0x95A9bd206aE52C4BA8EecFc93d18EACDd41C88CC
189	0xe5cD6DF02D01e89eC16D922E26B520489c91c2Ef
190	0x28421aD9Ac5Bcb1cA404ceEEF9010198ba82acf6
191	0xb1061d4C024450457e537DA06efB34858b8d4b7A
192	0x788cA5fFc2359651De13a895C9123E6087588515
193	0x708D82a7a8e2A201fb612C443236e4F5409e76cC
194	0xaE0C1C3D1FE157fcaeBCb550D9dfE7ce194bcDF3
195	0x129C63b8270057516188692EBb2333f2C11207ff
196	0xaB4e43c809823ccc05a26dC7777122E8fe9F1897
197	0x42089a00F2BBAE34261f87a88eEe87667F868B48
198	0x507245F971d04AB338412AB735e325067068E477
199	0xcfEd6B28f98abC2305026486BeD3c9F68c7F6015
200	0x008372a70bECA29a009a26D5884253d0122C4eCb
201	0x1702C55Ddf5A5FE4AdFEeAf8b1800e3767be9aCA
202	0x3A7bF9E8e643a106Df888f157bfd37Da97a93e9b
203	0xA29148c2A656E5Ddc68acB95626D6B64A1131c06
204	0x804eca61F2124f8068e9A58b1a044898BBe1c96b
205	0xa12a02B50dDB4A8B71753c9b27cf2E8F4858A4a9
206	0x41c29db4C906b9f9561631B53220E83AE3C7F3Fa
207	0xA84C3178F54414fd504C55E0DDAa3c0DEC822031
208	0x053d5FA00Ed0619a5D393895d5BE270932211BaB
209	0x0E4374b11D6DFc6885850e52cde683449D712eB6
210	0x0e1e52651aa56E51B7F15A0B80316AF1d9C47374
211	0x26577193c143E14588f12C7Fa63480fEb3AD5dBC
212	0x80da3764f9d17F96A86b093D798cE85789Ca0cAB
213	0x94B60a03382d57E2762A1Ded820e8b49702eC3a7
214	0xB287eaC48aB21c5FB1d3723830d60b4c797555B0
215	0x70cd43e4Ee26563036632B63B02DCB68FE785681
216	0x1e6ECB95B8979fDfA1aaAa118C841F84B783c581
217	0x503828976D22510aad0201ac7EC88293211D23Da
218	0x07Cd474cf0bb3826A37f3023D66411D8A8510F98
219	0xbEbe4DbfBF92e9ac18645d4500F961013092c863
220	0x77696bb39917C91A0c3908D577d5e322095425cA
221	0xe6eFFe1e71070435aFeAF960C9bAf471D0Bb1d0A
222	0xa51e8a4746bC13cB5eb7dD7ed7FD2e5e65333a2F
223	0xcD02a51efE6D8B9d5e0a16d17Fe9f29Fa267b51E
224	0x058FE4bc774bF42016E68c2d384f6906E1D2e1ee
225	0x06fdd221579FA736f2EB23faa976829952B3357c
226	0x2b0b80F1272A33B84913d47D8332731CEa5d8649
227	0xb45601C13F75558CbCbB602DAB98f2Be6D5029f5
228	0xBDb2122161365FC1c2409417b5CEa4653a2033e5
229	0x0f9d77fD44b61eAfb1039A8C39246fEe0f4a8f6c
230	0x3dAfBbe71A735597970365a310fbB96BD3c5a98D
231	0xB0b90862cd60290ca5C0882f046790718E4c2068
232	0x105527D449562A05DBb050923Bdb320fB59746aE
233	0x17F1a51dA68d27c94D2a51d92B27B5Bd4718b986
234	0x5918c95F1dcf2517FF182aE05dDf3a7679C80754
235	0x9C7785b1B255437044112A926D6845749188Ea36
236	0xAAFB5cfB5112d19C2eB2A4302B16D4E472B5CE73
237	0x6E216a1D8b19a505511a7f1B10084BAd57D31A48
238	0x2FDffBD9D686100Ef56080B9eeE61265000a2Ca8
239	0x66cB1de07feAf4e6f72430e0756f019138882DA8
240	0x2779C28450727D2b4f0bcB8B393B63280e81b1fb
241	0xe16b1e5E9fbB00bb4Af0a0be896f40b726112087
242	0x3B1114c0B42929DFcd9d12Aab6068b2627b80e78
243	0x98B622A53499782a42A3C49D114d6B898856e4c8
244	0xFBf335f8224a102e22abE78D78CC52dc95e074Fa
245	0xC564EE9f21Ed8A2d8E7e76c085740d5e4c5FaFbE
246	0x99f63435B29C9a902D302639B8905F1c1306AA24
247	0x91F4df529151bf84b2F8b7BdEb8aD139F543Ab6B
248	0xE3491652b9217703aDAd9Bc6d014B1ac2071b175
249	0xa1b3CBc833AFBa329D94691491E8F6e2aB1Db744
250	0x27CB0cCbF02313379F2b8aa8a9C07d32239f6e8A
251	0x044c8F54235E5293dB95aC58Ac6155578B8A695e
252	0x19220b7835715dFefA9635296b5da290AF70d490
253	0xddfc7342031112A4f73d462a9C39A646fdD53C42
254	0x1C90159FE50c492Cb3e89f2A4Bd5239368cbde72
255	0x06Dc24E3759E7Dc086f04573D270C3290ccE2Ea9
256	0x3FbFa2cda6ed98cd497D1CD47efAc8533F78fF0c
257	0xA90E3255542Acc1b77FcAe9E388030ad0C30d7B0
258	0x4f6742bADB049791CD9A37ea913f2BAC38d01279
259	0x7aeB3314E041153c4F6bbea19AbECBCe20946fD4
260	0x2020719AEE1202fA0e37C300E88781EFEC9cA584
261	0xeF9865D228e72B3a32ACc8064Ed9eDBCC3E82E60
262	0x9AA65464b4cFbe3Dc2BDB3dF412AeE2B3De86687
263	0x2d56BbF8c5F17c3726B0933746F05fe6b8610a6c
264	0x0A6b11f923678f344Ad99A812860f0a55bECFC84
265	0xbEbF24A5a4c84a5Ad0B88C51bFa09c0E67821281
266	0x07f0eb0c571B6cFd90d17b5de2cc51112Fb95915
267	0x2bB59A5f892a1ca086B7Be9D1B2Ef915Bc9F8184
268	0x91962711a4D2E4a830b366ce7276D99001e8564b
269	0x7ccEf9ed17824214D60403171d889Bd4cE878B27
270	0xD7866b0bDE198604AA98Bc974e45c149Fd67E680
271	0x5D2b6f27F5256394930779965017D068dE0462Cf
272	0xc4238056Bd716b51B737931559752EE21e0CD91f
273	0x89fC72cF65B357d014057cA79feB4EC7a06e033C
274	0xf1F7D9b373D44C9E26aD56D82ca252CA3FE94488
275	0x75c1ab32787760469B07f9E21FA229dF6dF03854
276	0x4E67df0f232C3bc985F8a63326D80ce3d9A40400
277	0x32781a5400aEBd57599B7E183Dc80232c477f1D0
278	0x1a0876b2b8C8e2d7956E30B1C389bCDFe99E698A
279	0x209b5807a0C98EEB2F65324c48bb0C1E0960c274
280	0xF0D9FcB4FefdBd3e7929374b4632f8AD511BD7e3
281	0x4103c267Fba03A1Df4fe84Bc28092d629Fa3f422
282	0xBD4B950aa6A3D957F1D72A6Aa0E704fC5D5953f3
283	0xd275E65264633A6Ec7C2cf73EF7e4e105f50d53E
284	0xFfec0067F5a79CFf07527f63D83dD5462cCf8BA4
285	0x515F0FDb1b22eb8C2C7D4865354f213E6A6A8845
286	0xAbA6DFcaD36fF67f1Ccf836B5A49F332EC76bdA8
287	0xa952158336Ae08225B303764e218125D0942a003
288	0x53aa46526d9DDEdAd8e761a7E50b102ed86E3a22
289	0xd2c2Bf8f24856274a46E1ae75E1Ec55b680b7E0D
290	0x9ce44FAd9466B6E0cdCCcf2147351a453789590b
291	0xb3C73963dc905291F0A57d0f63160755d3ce670e
292	0x4AA5947959B59ED07286B15A97BB5B54c763B55d
293	0xAe45a8240147E6179ec7c9f92c5A18F9a97B3fCA
294	0xE1d6851D99B30c7d45a5c458231c2196309aa795
295	0x764DE724f138307BcD435029ecEC73210e3C27B8
296	0x938B94154844118f87984bbeEEE98615Cc194Bf9
297	0x38A2830807e0e8a4a8746762b47d58ef79883F4F
298	0xC6606538AD0F63FA2fd1Ca01Cf344211f07ca795
299	0x0DF7aac03EE04B0358f73ee8C3Eb524d59Fe620f
300	0x6e4F62B42A1000d66839fC716ADc04A11F6e23f0
301	0x05c2A712D44B4e5198559E9228231ac0A3C7B788
302	0x62729ff2ddCCAcF2830BaB5764F372df5418a67B
303	0x8c9922F8855A1369d8DBf8F849aAe9Eb3F0AecD7
304	0x80E32eC77a6E44c9aCe99ad595068389e1AB0190
305	0xE052C90aFFe8dc8Eed7F2fC96603554F0Dd908a1
306	0xd108FD0E8c8E71552a167E7a44FF1d345D233BA6
307	0xd36B864cf972ac8774962E0F15ab96ba6fcAE20b
308	0x5b5119eFAd1F049DD91dA96Fa115843150b72672
309	0x8216874887415e2650D12D53Ff53516F04a74FD7
310	0xc994D39D82Ecc0B56B0629d6EB9b44A1aD98715f
311	0xaFFc125BeDcEeB034110c1939426A3948791ef18
312	0x11AEd4D2848d12AA5100c16be9B068cC83562401
313	0x24c0ed759705E0AA7B139953e4B0ccc42f7ffeA4
314	0xCC67717E45e9b2e33E899e70123e9305a1Eb6A75
315	0x6Fa479d38828F062Fa533aCCbd15Bb753D92edD5
316	0x3D2f8331a8a3532565d738F313863ca8AAAC906e
317	0x137a6DcF0D7DD1b4d342E186DaB69eefE9FE4888
318	0xfE722Fd04C34266e4Caf3A96A610d5F3FEC55C14
319	0x27fbB0F44D44dF52293f482D4E888B0310ccB5ED
320	0x5bc393cA6b1D1F9FADF0e16e251ab5A1A1a51261
321	0x7ADC6863b1d4CDFC722aD7fb97F0Cde71A910c89
322	0xdb6D3826642eE957dAD940ec0Ac4924ff4aDd4B7
323	0x2946Ae750752A25a11Cf11aE381cf1FaaD9aBC45
324	0x7eD1E469fCb3EE19C0366D829e291451bE638E59
325	0xB4529A2E9447C0afD48c439068e1ff37E8F54400
326	0xf60c2Ea62EDBfE808163751DD0d8693DCb30019c
327	0x03C1bF2Aad2233Bb3Cd57194504fFcec41D43CE7
328	0xb4A9e36DCFa4968e6806Aa111f76A3e5C620e869
329	0x1E68374c51668eD2A041223c879B81d8FdCfC58D
330	0xf6DC7A1EE2aBa253eb85C0611B09e363e514eC07
331	0xA7687898A39950407746AE3ddB9EF7BBCC104A3c
332	0x9635Ea7A9F5e069056d848CCB29807e943cff73D
333	0x5041ed759Dd4aFc3a72b8192C143F72f4724081A
334	0x8B1ff38068a72aE3da29657d61cd60284fC090bC
335	0xa97F31837F29d2A0E7595b02CEf3f82E59816F7a
336	0x30133f820bB8FBCEe6226AA87FE242A8094EF33d
337	0x1C441e29EA0c9331a8924d811342799393B6b7F8
338	0x75e89d5979E4f6Fba9F97c104c2F0AFB3F1dcB88
339	0xB70Ac7A712B77c080E63bB7A81BB4c4aE311F390
340	0x10A90C93921D52cCf1685b7652B91C6A3939cCF0
341	0xA35Ac719F059EbE6F7EE8c9501FfAC7E22eCfaeC
342	0x477b8D5eF7C2C42DB84deB555419cd817c336b6F
343	0x6fA380294e0FAd3D5307b81d756c85D8888fc0F7
344	0xA108a7c2559ceEdB547fd65C07922143bFc3318C
345	0xD2767328596313BB6A1669E28679f261ADac519d
346	0xE0828894Ae1bF86EA59eedF4b7cE3476b9280Ad1
347	0xFF972cba99639Cef82a8d4692DfF844Bb5BF38Bb
348	0xc2c2d3F485DD68348f52fB8B135f6b3f1130189F
349	0x6CbC84541D4341f43866F3e0BdD66e9ed73d8454
350	0x404460039499c774c48248552F802CE5dd482e32
351	0xd99C4Bf02C96Bc20f1Ae8E52A4Bd426B6A6F9E66
352	0x9DeFfb0871c0786Fe6FEe3Ff5383867a03D30303
353	0xebC1a3AF89c729f0408Cd84ad5A1B8f0f18d7793
354	0xC924696C737b2c5bA17a8dd4E31b77347c124236
355	0x863A832aF60F317E28204373FE936617910EB01f
356	0x065fB25Ebd254fA5633c4687a543A6c56358A05f
357	0x6359E4be27c33Ab520615c1B4705ac1c57f318dc
358	0x535D05bE0F34f89BF28977Dbd94C98ea267CB1F2
359	0x957d14263F6C51b3Ed09434682F0d81A6939ECe2
360	0xeB8CAAFcb2B61Dc354A3f311d5f3341Bc2993EC5
361	0xD708867bf297416451FBB74Bda1Dc487b159EE6C
362	0xcE15DF6bC44867593D2587746665b32e5Ec44Bc2
363	0xF6dF7A36a24A4A3794465665Ac23Fa164feD94f7
364	0x8bbe2B9cC419598Bb1fBdAcDc8F23A9C75BFA917
365	0x90a0Bc59c98310892560e3Fda7b17CF01Dd6e9A2
366	0x5AbEA3382eeC46D44205D91E4f693F7811855D1f
367	0xd3caEd0AF417859b3F195Cef3c2E63Eb222A2069
368	0x2af77d8d3C9d09E2BC675D6E1C8aB4522A38a01b
369	0xFb0721eb6862d0e5A8092F3628ec41c9121F9f1d
370	0x2D4F9b2a079813619fdbC5979A3D6CA56f3B3F08
371	0x71D1988C74A2321a4e71B99490a4D61c72Fe2C96
372	0xc46de693A26B271c34B862a8a58BE71B89777106
373	0x0842bA5025e53c89B4b37252d61b740E83b3198A
374	0xb84b7386C4bD6A8CFF9B3D7552495A1e0b6eb102
375	0x8b9F74c62fC3Cf0D8099f3Fb6f4cF84aC836bDA6
376	0xf83A04951B8EC8aE630578a9134ABc3D9fccA17D
377	0xE072456f373BB9B94deb1fD9268036B198944023
378	0xD86e3A116Bc98A354253dea47ffd36E86b1A1BC2
379	0xf16E9B0D03470827A95CDfd0Cb8a8A3b46969B91
380	0x362388A2F85a9428C523f067539Ffefed01736a5
381	0xcaD621da75a66c7A8f4FF86D30A2bF981Bfc8FdD
382	0x0d451AEe2D806Bb74436ee62bA0dd633837E2145
383	0xeC30d02f10353f8EFC9601371f56e808751f396F
384	0x6e6ba30920606C037Df73FACfa6Ee05B5c5367F2
385	0xdb8F802B57b4EAecE5Fd2D63A7EDF959f5a3AAbc
386	0xfc4468c16A96678ADE0b3e6bca8075F9B82eA3a7
387	0x1B86a20ea49f0bE06121789836f5dF6F993A4c7B
388	0xC2402ddb90E98A4E2fE8f485EC1E6c5B85AEb41D
389	0x6B71d4703F19A49cc2DE01B1fd1261B189966c08
390	0x77EdDF5BF2a61240F74EA3E551C443B4F5a3Fb03
391	0x4fb370c7699Bfb17A2b1344e01Ea7F938B3bfa5C
392	0x03697A3707e5Dd75aCC8EeA310Cd5Ee8B9774950
393	0x08FcE6D3ca624d5395F07612638223fA3AF6E247
394	0x3B2372e413849c9E4e6C299D9d297D5bb98C9096
395	0xa8f5c98486f49A638Cfa45657b6E55c9aaFd8260
396	0x6A87B49B533c7B0A1cf491570CBe571524c304f6
397	0x670f8F92899960dAee0a275A6FfAAE7C4BD6D356
398	0xF2750EAd8816CbA74F8c9Ab84B8Cee67A1772348
399	0x46242DFFd770023e3b85fB93c398672737c12C4F
400	0xf76C5B19E86c256482f4aaD1dae620A0c3ac0Cd6
401	0xEA674fdDe714fd979de3EdF0F56AA9716B898ec8
402	0x2c61Db22370953DF1ddCAC010cA8f5Ed2763dbDc
403	0x4694199208896bc9197d250029434BB8988764f3
404	0xbE43B8D343E8Ae64CDa639F017b384e38c60bb81
405	0x15bA20E2b5fD117ca2dbD8D94c07f037e5eb3364
406	0x1437036C9e6f7E9e26901e6Bf8916C8cbD63F04D
407	0xe83a992dBDdaC5419067212cb5E81c29747eA1D5
408	0x0016C0d0343e8f2c3A7b6A51606B84B1545Ec606
409	0xa92bA88A7faD61b5F6D1604bd3f66c9c26832139
410	0xA496676Dd724697E0d0c77c069E7dc6270b6BAAA
411	0x9c3C690C9e4baA2BC3B122305b6B25392fe705fe
412	0x9934523869f1433b092c81DDE698ad9f2B810aBd
413	0xc5a93444Cc4dA6EfB9e6FC6e5D3CB55A53b52396
414	0x99fed94Af4764c2F3416D10210FDA0629973dd12
415	0x832F166799A407275500430b61b622F0058f15d6
416	0xC88F7666330b4b511358b7742dC2a3234710e7B1
417	0x0C35710a3f49e8fcC6E228b9B39f498cCa9d418e
418	0x46340b20830761efd32832A74d7169B29FEB9758
419	0x37aD871020C1E09079aaCE44D8aDd52f3453976c
420	0x22d99D3241d57d55802403fa47Ba5396E455e900
421	0x6141CdCF038bcE84205E222dB146125aCF397fEB
422	0x69Ef26003eD091Bd9d8f4c3BA62CbDe4e41ba88c
423	0x38B464739A34ce64a8829F722BD196e4aE59C77E
424	0x7c75eaaCaCEFf037B0b8888274C12969Dac2defE
425	0x389044F3ac7472060A0618116e3624A5f0f20F28
426	0x41bF978EcD5F0ee96F7cfA8679dB6c25c639F20E
427	0xBBd0D4d067d5aF2065B1B6fD936d93237Ae1c56C
428	0x688b9b14dE1d9340395CA2E4671454fB22a64e7B
429	0x2FAF487A4414Fe77e2327F0bf4AE2a264a776AD2
430	0x9628b06d69B75625de0e1c81859171edC80B4d69
431	0x05E8A727E9DA7Af3c3abB770f15C31df8Cd88ADF
432	0xd24400ae8BfEBb18cA49Be86258a3C749cf46853
433	0x6806232EF50fE8713826012116b6dEc3b24B686f
434	0x10589c05F31A02b6831A89A1f0740e72fE0490BB
435	0xdcd336eF34143834699Aa91d0FA9758ed13cFd7d
436	0x0BbD7A2a65933Cd962C4808dB83Ad72339977264
437	0xb7a5321C5191688d73dC9AF210e0bB45F5BD172A
438	0xC69c8023AEBf093E79Ab3692B99dFD7b21c4E485
439	0x6e238E0CfB0C42eb7C3f7AC65e2c1d3dC4daE10A
440	0xc1D6325244F47A6E6fe07AB7e809e474cC8df6B3
441	0xB5A9346e0545853D1Cd8D187a38C371d56599127
442	0x93B27795c766b325b45D0E3d58f0704aa144671F
443	0x7a4cc3B5192522602BB93fCd1f59c8517322562e
444	0xDEbe6e892b5EfD90185Db10764A95421E50E2068
445	0x023F9DCa820F7c476D26F64daE98FCe76B7E2Ab7
446	0x31C0bE55c4EB6693F7d2Db94BbDB0B13Ca5A8858
447	0x665CF4aDA2Be00C769c6a98F73a7fF626D5d2a55
448	0xF0F3b3f51447bbA89cCF0fB7104811E382DF1B3A
449	0x694F5a8Cc6146aF29Bf97E87DBe5CD5FD9B34199
450	0xb0C680721dFEEBA7bCF55C7A04aeF927685629CD
451	0x9c7770B9645A0C3cD4A7EbC637777f177f198670
452	0xd2e9d994a1C3F217656DB51Ecaac3cA7cFD9d42e
453	0x532FE26F4dfaADbDf1552ddA94257d49D45FdBDF
454	0x587301689897c2B80FfEedAA1bEa30803c32B05A
455	0xA0B0Ce7034aA0bEF8FF4330286C24F96C316bcef
456	0x80Be00Fb191D23aB45F902A7913F3b3952f59DFa
457	0x79847B40c8a96863DbBC8E449894992932B11E97
458	0xbA9d3421065D26Ab7ed7B9235E7Ef25fEE55759E
459	0x14874B8A657729912a9643De0df94CfBe78Fc058
460	0xBff4968B9e4c8A0449f4454c5589Be6cc5046bcB
461	0xd7B9108939cBb01D5599436D929777d16c01b3b3
462	0x3A25143680411A78006076A73Ee28f344C1f5203
463	0x03cf70D3fB6e0d81af72159dbF8b9BABd7C16F58
464	0x316C6C7635d868A876C42920fA5aaf061855BDbc
465	0xA17aBAFF6e8ea695A886ACDa7eC9937b121C1a69
466	0x5f2D308D54f6d7aC987F217D89B6521210C9D0Cd
467	0x2117b50BCbdf3F9E415E985D2755501618BCEb19
468	0xC505bb4079A8F1965393373A7bC9c599e432B858
469	0x9ADfF46f9D6937Ede460E52b4684C5557364d231
470	0x31c6ff01FeCE89c88E19e42a5466c1B8609f3a9f
471	0x4b69511c0b077200771f73F3C7CD4EcD60C77707
472	0xB4E027e09563D66F90363acaBaf5e2a6cD4079Fd
473	0x71eaA571eCc5a5b225F01Cb8d3F9e4d9EB7222e7
474	0xf43aeA93794f83CF9A72c7d402223F9Aeb416276
475	0xCCC536fB6813Ea5fD2A17963814c90f162c96635
476	0x14d7233Bf329e06f01197f3B86014A6cDD79D0C7
477	0x1cee9722D02c59B54FA50857490d943Af804aF45
478	0x34dc136443F8e46c2c905386C6CEC5F37c17feF0
479	0x9B7D3d05310443867A8764dA9561678b67b3a109
480	0x051Ad80c6A70b29981d22Db20FBdF89325d419CA
481	0x73a8EF3B74EC0b036fd3D9d3ddFa66C9e90de649
482	0x613f83A485b870cdCeee33c91AB148198D690637
483	0xCBD6832Ebc203e49E2B771897067fce3c58575ac
484	0xb39368E3E3426561F55915CAEdC5271a9B5567d8
485	0x1Dfd53a747e789a2c0e0E1AbF875dF781468439A
486	0x471A13F3Df5E65057c82F28cFd45684E932E3dfa
487	0x2AA961cedbdF80863F7b9778E1D08429daDE88Ee
488	0xc0E83048AfE1a640430393B486c728e8761EF1B0
489	0x711898aDcc124a542C68e06323cBBbbD23a398c4
490	0xf3B943eD979dAa63C6bB46F8adAAD513affb23e9
491	0x78B271221C4954f7524Cd83C91f5cDdb78Be7F5E
492	0x4be224399725562872B4973b1838Cd4dE15ec696
493	0xB01cb49fe0D6D6E47EDf3A072d15dfe73155331C
494	0x64705EcBf915E2B9B040F8CA321103f7343BcE2f
495	0xBb3fd383d1C5540E52EF0A7bcb9433375793aEAF
496	0x18916e1a2933Cb349145A280473A5DE8EB6630cb
497	0xAe1F6b722e83B67a2B1Ba114D25b8161BEEc1928
498	0xa6c62DC22E991A18Fc11004DD6137d115bE6681d
499	0x706ada3f00011D8dce7a42213e363c1d88bC3C14
500	0x568d2B1791f95921494fC44cA2436f57355405B9
501	0xAB0E3D9FDaEFe7856EA70679BA6E87b482c34cD6
502	0xb2066C050350d4072Bb40344BC8D423A38FDB7b5
503	0x10677078BDA62D20CC9A85b7Ccf849e638dE0a75
504	0xC2978441F46a76c60e0cd59E986498b75a40572D
505	0xcDd37Ada79F589c15bD4f8fD2083dc88E34A2af2
506	0xCB70c2638b093EBB9A05B7Af226A29B37f0d55bB
507	0x115Fb5Cd5d62bfe7337306c818324c9924752Ae5
508	0xe2fE637e1C78F61FC882A27804d20B85749408Fa
509	0xf7a259c090DA93Da76Ee8bf34823Bd76cA160220
510	0xD4689Da8f4220F8282F218DF55b4a6bd80a9e699
511	0xE22C651c295C16d5c938c7979d4AEbF3F982b9cE
512	0x61523aa53F7cC1347BacFa14CF555cBEd084Fc4C
513	0xCD2533103F8B6C3c8A1a9dd3de181A5EE9647832
514	0x6f47BA0F8Af537F77fc1EbB7c4FD1B11b809966A
515	0x0BCE13a1a220532b1d5B9d17a51A1Ad0D09A6b40
516	0xc9f5296Eb3ac266c94568D790b6e91ebA7D76a11
517	0xE463b84CfD8462B16704a98788581eA5e8E65864
518	0x796f3A5EB70EeC9bde22E5afF54EB908C6786889
519	0xc90Ff1a64ddc5a11Fe856f00a5c2309Ba8FA8Fee
520	0x9f81719E8f13d31FEAC7F9a87e036D5bb86087e8
521	0xe6f79f8B46b30f293cfBDe50eF787d2Fe0610782
522	0xBe75eA30364eAc5D94776a5bE6DA2cD27cc4bEa6
523	0xc3348B43d3881151224b490e4aa39E03d2B1cDEa
524	0x46E7657cCFcDb354518CE58fB381b4F219615e79
525	0x39816EfC264303e160e99064eEdbac3B2e130180
526	0x8AE24D9271392ED163A8B3a87dDc08bd97F29855
527	0x4229D2C4dc22fED3B7c65f07613390771644466f
528	0xce72506c70B5183E273755e366F1B4A0d3219dA0
529	0x998AaE5f0375f042349524461b8fEfC97C4C0062
530	0x5A451a78A85300e0A7c4aA9c2ff70ef1c26BdcCB
531	0xDFd5293D8e347dFe59E90eFd55b2956a1343963d
532	0x6c729A13383Db6c4f6c3fF09FABE75BaFA533deF
533	0x2f46e843b6be9275dB4cC7716cd7f82453FCE5Ec
534	0x84A43EDA8D0810ff036611b17FBdb66100458ad6
535	0x9696f59E4d72E237BE84fFD425DCaD154Bf96976
536	0xa3adf1f3Fe3D3Cf445465D12940b7Ab208e23db8
537	0x56Eddb7aa87536c09CCc2793473599fD21A8b17F
538	0x7941fD7aA5396C7D9E3E0De5cc3C3C44D7D467FA
539	0x051BB6c6e5E5125D46945320B7746A50BBF41bf8
540	0x3C790206Af59b1B2b4Bb21d954728a4cC40163A1
541	0x65f661E457c758D1747bd5427Bba75cBB3F50d39
542	0x416C8FeEF531a830b917a530701740BE1e191ABB
543	0x2171451Ac39A71CD035485C1AcA40c5730E4e92e
544	0x553E3464BCB9e265621c66dF5d16C378b6aB13F3
545	0x333214bf750Dc54065Af7Da199eFb91c04308a40
546	0x9986d2a95F032AC16ba41881aA1A83753B6A7258
547	0x71d717e78f8f0B810D60854ba233ce5496A8dDB3
548	0x18901f0Bb99fFbac7D33Fb1B7Be46c3C7d5e6E64
549	0x6ea939B1DB09431094ab5fD9e574E71f70f27baA
550	0x1EF30786fB61Ed3204F7A728C6d33ba374890d20
551	0x0113d36A75A91beD9D2Db57bb0d2B1CF4E3AC40a
552	0xfB9A1330D2602b02070a652C20D5F9eEA3865dA3
553	0x00B7D20DB63d3d7DEb81F8da3d0B3657248fB095
554	0x85605D9848D027A64cE167741172733D319a9e9d
555	0x0868f7f6F63EA103D77423816A60D486b474393e
556	0x470c44452c3a3C2CF93A99A7991534eC03B545a7
557	0x8D24Be8f5bf4F46530402Ef29599A13234D7AAC8
558	0xE05D996099C5e98F9A11eb990b8a3bf72fFE160E
559	0x4953294a88766E0507d0e9E31C741AF6D4722742
560	0xc403301E7cb14d83b655E57E1Ea0192727871d23
561	0x96EF05DC8a60D7121Eb30522B1ccD6c77a89B97F
562	0xE6B938DdcEa50a16412d42f3a6ab9fC506C768A7
563	0x8f5fA06b5629B28aF0854828535E900051c5154c
564	0x804074F41aBbB0077BA5F584bc5F1A63419ef925
565	0xb6F16DbE6b7Be8D632f0eA3E4C1949dCC809DBBb
566	0x47c5A5c922B056C7d3F04cd8c9Cda070CC8a569d
567	0xfdaf2DDf12f96181B009dAb00bbE30D24d2AF581
568	0x2aaAA444a18516192F5901448EBA3935A97aBc58
569	0x98702C76BFC2b3dA12f725a59eA4b23D0dFA8215
570	0x6330381fc6a8DC3F01fe444cf1c27E72995b7272
571	0x123B4bdC0BdD7CBf45E5249118E8422164862D67
572	0xFB2B23002670F9aa8CFA47FbE6a40d171E7852d0
573	0x7e1D98BfAcCdE8C04235d28E2836470D82c7C420
574	0xd0967842e2bb51337Fa5ff3fc8984E6012Bb4B25
575	0x3ACccD161C8Dd67E1ac4Dac7773ee7E15Ae76873
576	0xCc7DCdE38b37C413977fb1A1bd6f51F7689fe11b
577	0x08faEa2a642f42625CD187B1160790cf99Ed3351
578	0x3650ae255273C13A716f0F763940348FB3EDD131
579	0x30b94A9E63f460Bb95C40F153c60d21080c8f4EB
580	0x8441023B4095eaABfd98110A483996fF4C14E434
581	0x10C5fC2d6FAc753cA11dc6BE0801B231cb3Ad517
582	0x29eB447AD7A7E57A090c5dE2AA939c04f09A6F7C
583	0xcD1ab51289ea5204B2bAC0fc2315DB1D5a48c593
584	0x340DadB0a9Ec69Db184637f664aB11bB090Fb583
585	0x5a28916DC24435129Ae9B85bCbb8CEbeadEdB331
586	0xd0451f62BE92C2E45dBAFBf0a9aA5Fd42f1798EA
587	0x962346c30753E46606b5ceaA8A90bA3915e8d07e
588	0x26B3eEA1CD34a4aFF7Ce828A5F71DAAC042d38E0
589	0x055B0598a014Fd415D828CE8A72Dc1DDb092C0fa
590	0x8833cF48E1C8e7FFdF4cEb035C3376D2a35626DF
591	0x9fb6cFaC91667A772014571d7D48DC7848C54E24
592	0xE5Ef469cF017F511ea7AC7038095f654121A4c67
593	0x4A5b84fb4c7666692C49F2E11664710AA4D0d2a0
594	0x87aEB68DEAB6b3D7b1D54dFA0A404e64f8313c21
595	0x1f928995A89289bb6129b34554B91cFc57acB2BC
596	0x29249Bb6433d3A42DCF0a62ebbb5B43d563a10d4
597	0x7F60D72949Db701d6A574b731DFF240eedF16aA0
598	0x38f22BaA484fc6435436198AA1CCC2b52e584AFc
599	0x4FED1fC4144c223aE3C1553be203cDFcbD38C581
600	0x8e009264cCaE4cDe36428bEB5c6db1CD1c631b72
601	0xCbfE52F749F3826f2bba003FC86358219ae60f80
602	0xc28eD2288BFe267Fc64409f18E9887AD1ffDbC62
603	0x49320FE08D71D66aeB35e1471343Ae2f5A4a1aA1
604	0x716a7815f3FCb427d6d5114Eb925A3553cd1B1Ac
605	0x0D561bD9A8781B2ef6E24a6f33F92d3dE4ca5a78
606	0xb7580490a51D3F48D451ba5f2DD79a835d266015
607	0x9BE3a63325F5360539f7eD1ccaEc93332D708157
608	0xa1D8d972560C2f8144AF871Db508F0B0B10a3fBf
609	0x34e63037D12A245210a0f3ad9e927C08547c6e75
610	0x1F71c930528064EcfD4E20a489563858d4d344D0
611	0x7E92AB2c7D00C0f53326E5955E3bE9a5d9A7b69D
612	0x102109aA9255Aff6937131ADD549c2f0C5994e8A
613	0x38003AEf35B3872f595b7E9212249d21d61a4a6D
614	0xcB5c41800D5559a795dab6Fa101827552BD2cFBC
615	0xe59Cd29be3BE4461d79C0881D238Cbe87D64595A
616	0xC37F84F68C8085c8f0feabd7050e8Ae551E413cD
617	0xC37F8d18D5C8a0eB088472761c12AAF0dED78DBc
618	0xaC6da024EEa3e20E50ffcDE803E8b91a1d4A861A
619	0x4ad64983349C49dEfE8d7A4686202d24b25D0CE8
620	0x460D20DA0aBeeDeaab70d11dfD4184B970B292b9
621	0x7BcedED76ad4bE1E8FEe5524ae9323d8Ee70EC30
622	0x99291eaEC9f3208bC4e3621bb92Ca8F701Dc211e
623	0xaBDb0eD998B40c0245DAFC108E7ea49481c60A63
624	0xAe2220c154DD3dAF73111c7Af909172b59e33CE3
625	0xb5A27CfedEaeA093E0542f56717DF659ecb97882
626	0x6f9799988a278e532e49C05Ec345c013AB746024
627	0x05b84AA210eCeF04a6cC061C6b83c6E34CcAC031
628	0x315f32C94cc22104c6F35727C796dc61cF493e9E
629	0x2bEa86Ba4b51F3148b5bde9627C353ce93333C73
630	0x8811cb9C9Fdc64e2142FA536d07c92eCBF3e10cB
631	0x3C5555D5D098382aC6a65E9F87FCdbff0d1cB05B
632	0xdDADa4a79D99d15b5dAA5b515Cc2fD7dcdde7559
633	0xD7639Fd08d7B354aa193A5BB1D1594972DEA1CB0
634	0xCFA3EA279A24cc720805AdA7eA0FDe127904B12D
635	0xAc015b32a27a744158C7cDeE4885e854f83C9b5E
636	0xE305209b752419064DDe637aa6E115D83DA74549
637	0xdBae054d4b908A3301730f56F9679188E6c49DB0
638	0xa076Fc2Dd7DC589750515a88D0B5D431a70140Ca
639	0x82eD6f64D2Cb4173244B82f62e2c3968Eb7129d7
640	0xEF86f17e42B2028e61e5E021296e591713260522
641	0x222935D2695432Fa1cB293431465e032023a87Ea
642	0xd38C43de079C9602B78E18609F922ef6F865d6fc
643	0xFdD254E155A16b73f2B9A6912B322501B4DB10c9
644	0x18FCc142BCf2aFF1bB83D350cdace9C0529C1236
645	0x507b7927d8225C95C96C4a3795e686Ac522A8401
646	0x1046dC4D720Fea9D81F930b86120e5acD6b2C8b0
647	0x5DAE858ee49898d92293BEF4432534B9AE2648Ad
648	0xe322570C86fE8837F6513409B87B07e7a7A7cE38
649	0x31b8674C5fB87Aac932D5a44b9314180f7828eE2
650	0xcD937CF3D514542088fa319a678A822d0Cb0df59
651	0x0249304Bd1f7dEfF0A10Af5BE80e25fb1Eb4aF05
652	0xf35479Da1CBECB6aD0a93a5Ce88D0110512D5Bc4
653	0xbE0003d9F744fA4cBedC40D17A271213bbB71569
654	0x42d51C2EF6B4c768659D18677B868f038975d9F2
655	0xE9FA9e12293B4BdBa893922bB35B784eE0ff3a9D
656	0x6bB22aBd347d77b2D33f03231c87546264Ecf230
657	0x907916d088a613D6FADd5F3A2DF2ab7710a7C3Ce
658	0xF261b19C005991b44C0e10fbA3ebCF936A1d687e
659	0xAaD51F16039C67c8Cc53eC7d4EB92f18fb5a691f
660	0xA6bE0360B6D2769b1aFFa4F9A7BDcB7f47452E25
661	0x99359f2627265A48E0B3f87B6A2a254DEca4A472
662	0x74827Fd8d5EBD4F8a7bD73f928f14cff395c5076
663	0xDb56B0327D1D63Cbc2aA94ae4091310157bB605E
664	0x827c0d030C4b0F17E27D34C2e59E387B3455E192
665	0xEe956511A3819339b22314aE18F95bb75c3d7160
666	0x600A18fe98A8Bac7de23C048A90E8bB419772E23
667	0xEBA4868BE70357D723bA71c2c07Cc5c7AD50e205
668	0xA355065597f1C213160E664B65Beda6cABF07BB0
669	0x997e135e96114c0E84FFc58754552368E4abf329
670	0x80e5d620517A5465D2163C7f6d8F2947901911Bf
671	0x633b7218644b83D57d90e7299039ebAb19698e9C
672	0x0a669DDe73e83BF9F4A3AfB4E73b0aE156274880
673	0x74CF8b3d122A3cEc3C18BBdCD9325aEaC42e1470
674	0x17cFbf00E30918A1df507BE583492C58B7d92F87
675	0x683972fe78FDD1adceC7D8Ec608191a92c1Ee443
676	0x9Fc96EE657220a7921de03ABB242231D9ca7F9Da
677	0x5dfF86652a3e6197597D7B5079f71b02Bf562f7D
678	0x9e4932367105E2967086A2E75b24011A4c5189Cb
679	0x65200a8dABf72e5838Ca102615A52dE9A0253aa6
680	0xA03Cf84B43d4297eA6F8A22C5b67575005187ea6
681	0x97Ac013BBb1F5c89d14356fEc83C0E7c3e2fc1c0
682	0x4CA1cD2FBD748eeDc742c894d66EC317C32710b4
683	0x052A6e2e7Ac259fea1ca6C2A8cE048d0A1D55621
684	0x5eAf09E6fA6076937FAd118Cc27D0De66e2B946d
685	0x8c7C7aEfd0691d7F0E221F9f3068612866670D64
686	0xDa7711412E2FAfb991E9fb9ACa9f02FDDD061a84
687	0xA4F92722759F511190DffB25BE2603db22136A05
688	0x4ae26E87e97374f44FBf25EaB31461256840520f
689	0xdE9DF7b88002ED0659df98099174033F9424bCF1
690	0x1cC3195C46C2F6AF665Ae281ad861eAb88ed8Fb5
691	0x8eB964E215b4C7DC4e546021bad33fF9d2b7Ceb0
692	0xE4490F6dEED78a90574fCA28a1554DA037b7123E
693	0x4F2dB816a3Dbe6aB7EDFAF19C94b3C4bEFcc75b3
694	0x6e0ED0db44e9FC9fe384eAC01E704fB9Dc177271
695	0xcfc93D171D3255Cb2E584614E20630B3A1972742
696	0x265FC04e20E38abF9C211408da35e126e3c7C668
697	0xeD9846Fa2C896764A946E7911B4F720ffb471F0e
698	0x887E031AA8B015ed2af9512dbA3980b22510c01C
699	0x9a0d3aed427aBDd4970287F23Ff426F853Bac4e1
700	0xa2e2bCfF16F33f9c6D645FF953cf128Efc06235C
701	0xD5d09Ee9C009B4A1Ef74b481Cbab988386E5900A
702	0xE8527dAECbDAb2dE9FC06BA8F3FbCD429099B1A8
703	0x65d9317551153b2dA63c83072625937CEA0FE196
704	0xEb55a78C79b91719F6817855c5AD43a7aA0BF08C
705	0x9024A9f5B904a87B8E40d0F10749aA348DD29481
706	0x9b12f784081ae043D9948e6876828a58EEeb7Eb5
707	0x7aFF361274FB07E584701F1dD93800e678aac42F
708	0xb37E3f2B2b47A309b8779bc6574218e312df86b3
709	0x8530D991917e2BA0b35c5eA010483BFAb0624963
710	0xA4e5961B58DBE487639929643dCB1Dc3848dAF5E
711	0x3fe10726Da1A23bf790C6E350E7A2Bab4a8F2A81
712	0xF330478fC27Dc89BF1405CBc398fdc67DDE4D936
713	0xC5c295cBBF0C2aD2C1fc47A21D41A5898A7108a4
714	0xca5eBb92D84b8781d684f8C3e5Fb54DbCf019483
715	0xcda45E6d6A5C5fdcdfAdbF5b3060239A19D7C74D
716	0x882bDdeA55fC21E760Aa129DD958fE96f0877a1E
717	0x240759a0F31a59432f8213e832ECcbD37635448f
718	0x19a0fc155e164E9fb2201E67bdA4bAf18d928e13
719	0xF17DcA508275863C74A61ACeE8Cc939d3e15d2B9
720	0xd49329353684A19130196A46e92B9d85F11b77c7
721	0x733D960C291becd9B91297C6c7a1A69b44E5E077
722	0x4923D6Dad88F2FeDF8d0ed94DFFc009C455D8Dac
723	0x0392b64B8BfDA184F0A72cE37D73dC7dF978C4f7
724	0xB3D98a349a22Fbe423b765188bFcc1dBeEA451b9
725	0x68466516628e4aC5Ea2cA99A06378f3c97208b56
726	0x7bb82e1324390d60CA0A498C381d03986853d8Ba
727	0xdD33cb5dBD8158524d3Fc415b5668561A396AcFA
728	0x0882039A9b56B9263Da2F88b7815ff900F128026
729	0xcb93716f2422FCB72b63E4c511FF51B3D114d433
730	0x3DC10155fb08B75ce51ef38EEb648Bbd855E853f
731	0xFBb1b73C4f0BDa4f67dcA266ce6Ef42f520fBB98
732	0x0fb3283749e4A678C7bC29c1288150546418CB93
733	0xbe6dbD4EA17e47f149637BD2b8c08dbDa4eE11D1
734	0xE13F93DD9975202117F3D9Df3Ec7EeB7c7EC797A
735	0x97369DaCb1dD11B3915d2E279DC89cdfA86B1387
736	0x0f5739365357CCd5290B9cc16233fDD300B7eAEC
737	0x722FfbEb7aCF69A0cD23bf4b2956000af69D7d4C
738	0x0304E7820e57C0F69bDafF2c46690e54aFdB445d
739	0xc9350DBB8FEf8B97150457978c3F8812Ed03dFC4
740	0x8080267B924214620ea935AD349bC44911511848
741	0x68B3f12D6e8d85a8D3dbbc15Bba9dc5103b888a4
742	0xC4E32a4B4745935Fec7827D8EBBAB11DE62Ef821
743	0x05Cfd991510c1f82Ca771DBa8A042848BD4d89b0
744	0x8afD8542540A2C5cE26D01Ac3AE6cC1e9C32568f
745	0x91033F5D78731c305118e8a496a8666B74600d80
746	0x69A474D66F5eCC411Ae53Be5B25c454C99c6cCAF
747	0x12Cc6c439EB0735aD8a7cb63d91fAb30ead7594A
748	0xb5eA7e133684Eb2769846D0Ea509B5aEC3a0C42D
749	0x14A5705C6EBdac82C6F8C06c3013Cd415A1999FD
750	0xFc04D9a670796B5c9A6B4Ebc03A1B1A97aCf3962
751	0x0D0211D405ec570cCaEA858D497B46EeE4947Ab3
752	0xD5d2227E185b5122A418A348F4bDEa515EE5B252
753	0x465C562a59971a8445B14F48DCB513A7B1d0fcfB
754	0x549B8524d608FfE2545d3bFeD3ecDA1740001417
755	0xF079a0020b2FFEeCfb075B08FCAC615098d8828E
756	0x7E1de534D18fe49b23053c99f2CE2B4619A3f5f4
757	0x6A67F1411828F6EE101B58442b34cd5C31f9d65B
758	0x0cF9d27C6A3C92326276cC9112DB61a776e8b92c
759	0xa3977A87B444f818C3dEC041A3Dd0F3E2617CBf1
760	0x013c6dCf8785dfeb5E2724b325dA85CE9b93A171
761	0x12Cc9580a033e1A74Ca05d8229997e58AC3b16CD
762	0xf5937087D0A0eF1e9791AEdB1DbADe9217716e27
763	0xFF696CA0661F3CB128D2388F714cBFfB67833b5B
764	0x14c4017f81675F7aC1321218d4a385a2D3117328
765	0xb39F86132aDfe441b70301E463dAE2C6Bc238195
766	0x1fDa6A31F1bfb4b266F85A22FD83802828e19778
767	0x5F8237c4e10da250D0b9ce9DAeed62ee85970028
768	0xD3cec7b375e3387385C1fC4c8fcaD42d7a88b446
769	0xAB49C15deB2a4c51505b91634B36a988b495c724
770	0x4b24F77291B33dF31DfD1482b59D82a45e018d83
771	0x8e5F4764b2ffbA14d4ab25d3FDF844dB8c066bA8
772	0x9cd2564771E4c0ec61Fb1334431529797d091979
773	0xF4ba5579F297C52fa46631131546d856d16cE7B6
774	0x55FE002aefF02F77364de339a1292923A15844B8
775	0xD57cb8a15aB263355495962d4b4308234a9C37Da
776	0x29D5527CaA78f1946a409FA6aCaf14A0a4A0274b
777	0x8bDB94905e59B559596C74D3aa592f1c7F7858b3
778	0x638ECEb0b9859eB4851AD02e7434f481F85D64e8
779	0xc367BB532852ef13d34D85B8Cf69Ab5d4482EC56
780	0x0D8cf1d1c732D01DaD3091dfc5Aa494eA053106d
781	0x86FaEE4d89d1fcAD5Dbe0641C77b5B65C173Ee48
782	0x33dc507657f827Da9d09e61a0E8481b5E775FBEc
783	0x9D7c8301006C3271E48ECdFd6fFF9F6a834777C0
784	0x7dF5a73A674d8B6bd71a8CB8e630b3fb2DaA6739
785	0x59cEe0C66a582Bc9Cfed92EF6D2b1594f18D4133
786	0xC8b4CB8893717C1aD6E4fc51F576e2CD68347c4C
787	0x564C9EA659Db60916f8Be438760Fac27e594c476
788	0x70Acb888feC8C24aC06a79B9499F5FeD2DB2450e
789	0x5a7E6219dCc86c630598a6Aee56BD1f7f9b4F56D
790	0x54c10916197a2F81B996Bf65a54628b764EDf7F7
791	0x674f69c95d4C5f4c2196056D387F98C73bcd28F1
792	0x6743a55B017eF3904a49C33eF46D30C49986743B
793	0x9d783C917044f90F6208862387Fb1505a3450D7C
794	0x53A3886aadd9bd783A459100BBeA7F97aeDBFcb5
795	0xA8C4ba116C87e30C65ae3A9AA17aF5ECe43E2C55
796	0x96a3958Bb4ccd1167f2F738cE94d9291c1a250EC
797	0xC5312f6029ac48542E12c8CF6DFcaE6bc43CB65a
798	0x458a25a4Af9D62007622fa5a43E27EDD26605f88
799	0x4830b5D875d1a5CB1c99EB9F1D5fbF1C35201FBA
800	0x51Cd190A1E0C101dAcDa2404A10d12C784d0015C
801	0xD06074fB05238F1a865052cD7e27959AbfAA1E82
802	0xF37aef716D2F38dab331A0823204b34773D328Ae
803	0x7bEF6E5714D58386d1811B6bfdD834eb48208991
804	0x80964724EDfdC3c2eF9650a0F99278c2fCC8F398
805	0xb1845339E7476aF15a8bc7D9949be8A532b5DC94
806	0x1Ae0863e5C83977E411Dd6D116acE2EB647471af
807	0x35E0e8AEf6663E148799Cae0ee8eEeC0e46aaF4d
808	0xD475926a0113Af99b3466E420FBAa5591CA9DC13
809	0x1Ab66648cE6E5F2DBA5A45D47a92FE01C51F69fa
810	0x04f7eF8777368C6A2018CA7a8D764E0F3213880a
811	0xfD915975e4131059dc2bEf7A9E5a913213948afc
812	0xD97eEb8B7f164CBbe9CB45C83C98D4E0BF502A4F
813	0xfF35126d8Ca02651c62126C25Cc4dc0b6bDAD7e7
814	0x670432Ece18084b49d045fD7293E762D54D671a6
815	0x19e29071278D88E301fb68E9517c94724a416cd8
816	0xdefba9ac2189afF2a24290527cB5571061Cb6d7a
817	0xEbfd4Ec5fA087B143fD25f44B32A5e624A5F0284
818	0x4b638a22cb75b029AF077b45089d3d307278FC6E
819	0xe359A5c1015592Fb26FD866040d2d3784A20a31E
820	0x889B9c83d24556E700Ba2dcFb64f5C58B3750f03
821	0x0E97Fb6Dfc172397382d92B71f9D904CEB19b2c7
822	0x8Fcd4dF6E36b49f815B8Af3d25a49f36bd755998
823	0xA294cCa691e4C83B1fc0c8d63D9a3eeF0A196DE1
824	0x21344bb3A79a06Ea4ACBF6E0A8dB95b0e2D1eAc1
825	0xc27DC0178cCB1D83eABe25719210E324510bCa75
826	0x1b8db741612E5A89466f62DE264FD49eAb64bA59
827	0x9A6Bdfc3A3fEd6D92dFB2AbDA12C0dEA8a83791F
828	0xd76c630Cf4c0DD0771021002F43d39ab3aE020C3
829	0xD59f470C6F647a447031574696d8c27B9B6cC776
830	0x57181948E3B68a330341971a397d1AfB4F5413eE
831	0x8632F50c45aeD682C3f536759D5A7CecfF00d0b6
832	0xfA4576464b6b6EE8dDf8AFFc8Acea42cf9f9B220
833	0x93093F6Dde1875fB42206b227c5F1Bf064728e47
834	0x7E0125ff7315B4C5Ebb06c40d00b05A5aBBC6B62
835	0x2774c6501bfC8d8951aF970b1ff4488ABC986833
836	0x7A017cEadb43bdBB40F1aa16994b668C7a768b1c
837	0xb22E769EDe2814Cc106d99758693f6b373f6fC2C
838	0xa446B33675b2D8Ce429fc4E0ff78b1E6cfD355Af
839	0x62153B31aA494b6f427E6BE27765bCdc20cdB9e3
840	0x775C4B0f9f13fc32548B060ab4bf5eff44B08348
841	0x10b33D3CbcB6f674fc626bfd83a701D2422352E2
842	0x20B0c106426F85a530a8A1EF49ECe352522B371e
843	0x697a81BDe597DD5F34c444B39acaF92428a5b515
844	0x7032681AFeC27522a44C789BA1acf1899F8edE01
845	0xA34cC3e9EEe5F6b814CA57b4015d206382b865Df
846	0x8803F6A8cAe24b94245Aeb11f717125e763e1eFB
847	0xb77b17120652E1956Dca5BcF004F9E2546f82dcB
848	0x350C8FE5E789f9E6D16A0F9ba6dC36cb351BE1f7
849	0xDBad1eB4b0b83AdBc9d09F839567adA5b21Eb0f3
850	0xAB6cA2017548A170699890214bFd66583A0C1754
851	0xd643d9c6A8604D325EE847Aca8C2436A54A8E126
852	0xBF5FFf67452f6400fCE0DFB590943cbf930d8BE9
853	0x5a7e0880D46484dc4eC36C7Fa09247A02A7a7612
854	0x7596f13523776411B59AD164655dEBe72D12dFBa
855	0x5d66A269Bb17B6ffE1De27574E8957F7D2ABC0F2
856	0x5fAFeC436B45a12Ff430804A644E68Cb012E5bD6
857	0x44d357d6CdDCCAf69A52d96d7e5D0E66328DB02B
858	0x517F6470a6786e28F1472915D5a1A528723ba104
859	0xa0768A12c73e3F542928a21f27BF49De39C4EACb
860	0xe3319411FafB8076735f3D7450e211695EE4Fc3F
861	0xD1e14d6e4e2223CB11B66EC8E13c11cBA2267c63
862	0xfB266D2d1aBaC585e49d46d4418459F52454cB21
863	0x6b0Ca3DBb105771e0e55e27BAFB5b0c50097bB22
864	0x762De580691803059d44a28f2d961d45E305A0B6
865	0x928258B38b1a3CFD954E1a9abba38f8d1948a431
866	0x3e134aDCc8fc3E71218E009C45fdcc8A6C39f385
867	0x3bff825728143e894f2a9E791b6094aa24Afb313
868	0x079461f65F39F596ba6642D9f72cBaB13E057EC4
869	0x6466A6785c19afABB3640aD36616B862799c15b5
870	0xa3045f83CdDDF0E38cA095668Eb5B5c59007584C
871	0xFc61264b9ae620b1889B9028D521c38082A5a112
872	0x36c49a21B7665a1501Ce12111199A64B0f101e4a
873	0x19E40912ab36CfCb0796C7e7fB086377B97E5F45
874	0xaac092aA47e7ddDf2bD7c055E3F94F230c54e990
875	0x5fda2FC451dbf6fe535B09Ec9E0427AbA8833B98
876	0xf02Cd6f7b3d001b3f81E747e73A06Ad73CbD5E5b
877	0x5B670d59a0b0BcB3C7cD16C144189D00608EA80f
878	0x5C583F3f818927Ff6F996de4C652C84fb3873443
879	0x85b0F6f4048c71914d6b4FD3c5d7473C691BC7d5
880	0x11caA93B3A9eD549a9Ff0c7A21d5F5053c9CeDD4
881	0xC158AB2C2b015D7904834f50868edcad20748611
882	0x706621AE65B78886041303b712B912F8c912a36D
883	0xC831d23474363F7268589217455a5A0D900e455c
884	0x6fB17D8760cE8A9824eCeF3d196B6A5D47ddD99c
885	0x9087627FcE6Dce4796F7b9ba72559B0C463A0C96
886	0x8a0A569B2937ecC360a686386E34dF83CD2348a3
887	0xA2d1EBf3B7d49cbc5B171f4466b7a90f75BD597d
888	0xa5770c42E9Ce7b89147E880B93a2F2720c031d7c
889	0x792e2b0465673880Bc84899F059b95DE84DF95FB
890	0x841D5B5E5C856ED3B103f4c347d0659D4540F7fb
891	0x1C8FB24dE819bd83A383417721F2081C0c7A0e74
892	0x517370981a08A0c807f7810142eEdd430110AF60
893	0x00224C608D94135784e0bfbc9D021Eb1A37eDc3e
894	0xA4c0e36261E31b59b91D6B7A8A5319AD6c42b106
895	0x5bb7E621276fBcC9899c67DC326E4cd39FD9aAdE
896	0x7dB901473eF691c39eda54237D06815d24cc8e23
897	0x0d88AaB291A350104576077C0A3acB037Ad3856e
898	0xba17EEb3F0413b76184bA8Ed73067063FbA6e2eB
899	0x4CaCC1E0feaB645aE445609c5973DEB13B62D48E
900	0x7B6Ad30147A685C37595661976288a99425F766c
901	0xC1E52F29Df89e270E25a38C491d40606aDF87696
902	0x9820FD0f36753912B129f82AD31D231c2F561C49
903	0xA7603F7797F8d12a17d6037B39f943DC6aaeca3b
904	0x8e2A6b7Ecd0bb80f5054136C8B0B6eddAE72cCE1
905	0x10D353e25b4e15cA69eF31eEDB8DF31e637D5A95
906	0x2114deA694a376b71E2db2dEb049960b185E1Ba3
907	0x48eFA02f2E65Ba4cBb2bF291BF094B167FA7ACD3
908	0xa92e40cE88d1CAA11AF48F40De2f4100b8F6962d
909	0xfd2c90dBA0BD1CAD3Eb8696A49e86d9d7Bf6A677
910	0xE7e5845bf1C6aee0f98F6145c90E249509fe27fC
911	0xF7EFcFc972546Bc6F43442f4e6F1BEb8A0ad3bD4
912	0x36ad01D27B805a593866266b4acEB2CB955038C5
913	0x247B5448df84DD322Bdd00bEF1b01687154515aD
914	0x4579dd0cF46a192f71fd1be3F5843139E5c67F5c
915	0x70168A342e28b54AC85C59F00b6C1ab3dBB453DD
916	0xA8996eEC098C4b9988903d157C1e021Df38576A9
917	0xc2c14925cF429f2135B509C7b8825341fa150f32
918	0x8a749b4F3043eD75F03a70829F1e90D40bE17dBE
919	0x196Fea559e8fd846160A6c39d581653b281aa70D
920	0x397725CD38e28C497bB4A6862cbEBe69e7A922cD
921	0xaF229066a210471fA7aC57AD681D3dDaf84D9f71
922	0xEbD78Ed540De9467ee582241C7442c0B510Ad4BE
923	0x925b0AF184fe876332612C1D1294Cf19DF97C063
924	0xC6b6BadC8Be8E32F6C02A94610F117ecd5F4BEF0
925	0xe78dAb9780aD0136581ca4A81775d7e5258DA036
926	0xb580c2d3a8eA4dF59557444F0dCD48fE16E55563
927	0xD18100d8ecde950fe469F99FB75a16b63C53001d
928	0x06dE4D1EB14c737d270CE8Aab4295411ba51f29E
929	0x23623C59839d54798617362cc86f8c51E0FB33a4
930	0x39D02372D0110F4dE2e28F0C4E71C08D180fAa5c
931	0x53136DC4364d83d9E9d57eE0A01640Ca41a610dc
932	0xC0D51e005f07D20B9572b95dd270c17024D680D6
933	0x7eE2085cf2A22A79F9F384f7e132C54a5C198165
934	0xCf6f96b845443cAf3bFD0A1fdEc4677aDcE99E70
935	0x433ea0951B9317EbbEeCA8c08DE1370111190d1C
936	0x74dEc05E5b894b0EfEc69Cdf6316971802A2F9a1
937	0xFc28E8DD7C3aF3179FD153506D8898b1056a87B0
938	0x03b1ae5F2fEB5F9F07246423075Bda9Df02b26C8
939	0x8501ed55227Ec0fc3427B9366396644a1e795c74
940	0x6ce36a527Bcf96273c2f7Af771b46A6C794578E2
941	0x524A83e80921ec5F23Efd0645E7069d9dCf8B26C
942	0x35B785AADbf971C77B042D2D90C3230333b05a61
943	0xfb83a0125f4b7201108c65f11bfc46a4C486fB47
944	0x35B2221C4eBafd423473963fAf6d7179dbb7f184
945	0x156A8B255489482a2bC7C93A96eb20e68a2d7511
946	0x5bB30A3046E786F5e12e2656E175089Cad735aEC
947	0x5693D806C9145fD07Fa362835151e96182307861
948	0xd9DE1DbC8E9358d165d131dFAC0Db3B67135104a
949	0x2683Dd1B74b3b29dB11a887701Cd862fAb13c7BD
950	0xcdd8f9Ded4464a29C94AF353848c0F2ceBa91710
951	0x36f88584425679b3Ad54AaAf4b38Ac085507698E
952	0x98d5868f5b67d181F9Afd19eAfD024bd3Bef662F
953	0x2fe6EcB0301710301f5c94425b113204B74ceE62
954	0x1341C0b5586Bf11b8069a5651eb953fA8f25dE19
955	0x12Aba22053d55D787ab50B3aEe79F8daa9510853
956	0x471Ecc8eEC030f46A30db16e16c79e8b58faAB69
957	0xE0Dcc18866D45cC56387eC88bD54E37E0FEcd025
958	0xFfa6FFB8A0077240c27B42331421172Ba6FA055e
959	0xFa887e2904bDAD1775620Bcf3936dE5593f89a64
960	0x517eDd7Fea2dCBa21Ab3B7654c5Ee273a0CD6514
961	0x57011459e70532f86761e85546ce88A136d98902
962	0x9C3B82C80FC9D9e78442857efa85f94027859C72
963	0xAcB63c2D776243d7e76903466516E3Cb71EdB72E
964	0x5f74DAc9476D2aCa3F15D6D34363f358Ab53fc6B
965	0x30cC7E9d8851e82e76D0ec04ff7C58bBCeC206fE
966	0xD138AdA702Cbc8cF762039f772B727BcA46c326D
967	0x72F5265d1F115b04b3E38c75bb0b2cFDF23714dD
968	0x44F64a6B4DFca13041F1a5EBAeEf136Ac4545f4A
969	0x95a2D4310f0a6682BD9C3aC77f68141Dd66DC02B
970	0x9471EE69582a19a720c4C4dE8F58B2D208A4106b
971	0xc4865e2Aa782A4568f6164E5A0e736C1B73De0fF
972	0x571E6Eb588010d7C8de3204D57dBB5583Db8D66F
973	0x0E248c5f608bb3B9e6D86a594E17b65238D0194e
974	0x2FDE9b78F2cE7Bd8606e12D7353d02fD057D4a6a
975	0x9a8498E1310db02C4EBdbAF5Da068A83a2f548c1
976	0x86755505eFa6637fe9a2e386Dcc2Bb0E1F13BD12
977	0x48a9AD02098e995cBD01ecA3Db82d339e6ea9845
978	0xCbF3406173E6DF173b0bf96F700193b38b4Bf265
979	0x13Cd8F379Ec11d475418591643867adeACECea2c
980	0xf8D5230E47AF11De499a4F8cF4528dE5f3f692CC
981	0xF80f4596f31e3771B44Bf287928d80050598aC4c
982	0x1889a7d27130A9de52ED7998B8DF723dA2767e0a
983	0x1b77d9E01F0e9E00C589D49689a3D07fD0a96Fb9
984	0x53B2A555B1706e3D4c555c9111f5B27E6Ec32f30
985	0x6944b4Dbd3bCb6F1D9695445D89869f6CE4B0D56
986	0x7777788200B672A42421017F65EDE4Fc759564C8
987	0xbaeF4a87E8a92Ad5911bC5B0a2A02ed9867C0124
988	0xC580c2b3B0F527492eD858e3EF8a157bBcb8979b
989	0x7f77Dbea1dF962EC387b1Ae915D4dA9318a84dAf
990	0xA0000Be6fab6255Cd5A4e6DF72cCB14b13A1c254
991	0x62A16F41A367eE537566E9fc6c88CeFEa6e3a072
992	0xd2C6291e43675b5268d9A9E5440751d6A64B41c2
993	0xd0CB04fEe15dBAC9f1565fA025503abcacd137E5
994	0x7034a2de52fEDDF2db4EF7B7Abec7fef574a122e
995	0x8cAA48C79Fd53aB78eB22fc0A84E1ab72A33D9E6
996	0x63A395B574D5E23C3dbC6986Be5994Ef6743aFA8
997	0x49FFCaE42Fcdf35BADbBAAe5cAf3747446924407
998	0x25eAff5B179f209Cf186B1cdCbFa463A69Df4C45
999	0x463E5b673d1029989c9B059d36393c539beF9094
1000	0xE3F3A5F82eF603bB40a990528df3bb11723953e1
1001	0x2500EC7F8573B16BdB448EcF96238A5B8ae9d2e9
1002	0x2A324Ff4E0a4edD15Dcae6348e8db8a738b90d0b
1003	0xe9D78942485e0C8Fed9281498D2daE1704e49a26
1004	0xA910f92ACdAf488fa6eF02174fb86208Ad7722ba
1005	0xda38bb43F28a9dA3871D96292758639eF293ccB3
1006	0x91AF7e9D2F841A8FA81EE1e22672322d8723E421
1007	0xF489517CA407B19243b2a778d4E4A009a3E34b81
1008	0x014c6EaB7885Cc1B508697A5bEe979bc341e86C3
1009	0x292f04a44506c2fd49Bac032E1ca148C35A478c8
1010	0x423Df8D46c5751413EbeE17c9f4936850F6B3769
1011	0x337b208BF16Fb909CF4bb6F9e5EB0Cf6FAEB5369
1012	0xBB217c93D4bb15aacc68aE4A3aB7d24Ed4219455
1013	0xd14c8ea29294DB7EE1589002971af78aa1208551
1014	0x04A47Fb57381E81Cc1fd89c29A294E6254587Dbe
1015	0x91464Ec6D3E895DB0e73e4bECadfe6939a895966
1016	0x912fD21d7a69678227fE6d08C64222Db41477bA0
1017	0x6bB9E08074512a30a1294CB971Cc579EF43f6789
1018	0x75C0306C45A979e5fa5d5Cd018630c2746bf9A0e
1019	0x1C6b55E166a003B283ce599a8c728046eFF145a1
1020	0x415766161612765eAd2D06595De55b978EA6D77E
1021	0x0Cd70c858fAb29B42ba6a084dce96e0b21E51bFc
1022	0x937cDC9E86BA06AA5aaea221017A1d9FC7F59EFd
1023	0x5aBE3B276bBD4829FC7bD734920894CD1B8B8a97
1024	0x9d955D389C9E3dd83FA1d0bb4d6E7cAF65814e8C
1025	0x0E42EabEEEd1323cB9eff7b35Aa8bBF27467a1c9
1026	0xe5409C4c788a77c1597f4E809e57782Cc4cE8463
1027	0x38AB67C25A3b522C24A39be6B429Cf41bd8996CA
1028	0x2623B79E803D603806d9B4422a5E1313651C07b6
1029	0xFE5F7A537Df224F9C2A14e7286d99c7E9dA54076
1030	0x55dA2A2d798C5f4D4A81054EccC0ddd8aBb2854B
1031	0xf7fD854FdaeaBc7069E79B37DE268501a2AA0AA4
1032	0xDE5Cbed585C0E8fA56fae0757FD03C2CF71B8655
1033	0x7aB34Fdb371EC810a383378a486aa7E5BF671D5d
1034	0x3d71E57C34415B334B35608fd6aB0D577dDB0e4B
1035	0x39C922F13B4a638ef138645dF59709c92387EFdF
1036	0x91B997740650dE889084793451499048BAeDE5b6
1037	0x189a80b32ce656cD4110D3114691568948ebb9f7
1038	0xb132c7C1c6eD30F93FFD5d447CcFB1505D6179dD
1039	0xA58D51d87A8CB76450D94e6630A2B4012f963065
1040	0xC58290cE1690D2727065AfE3B8A056F0AAcdE61b
1041	0x0670Ab186EC93b714588C73Eb4bf623760Ed7F17
1042	0xe7736f415be90977DBDd89A76ba3EF3324D19fec
1043	0x7599eA47FBE4296809B2F7C5e37b78D377152Fb9
1044	0x47a211E7c546bCcdACA3980b92702dC2AeCCbCc0
1045	0xeC0E44D81D382778930D90Fff544dE3df70ca6D8
1046	0x603dDA3fcfc5089c65c8fFebA28F7fda5d8c3A70
1047	0x4b77754640d71D0230a0d4738fCd5983bef3FE86
1048	0xB5297a826f26ED6B23EeDd2dA654026f4EB5455F
1049	0x8CDD0e17c7E14Cdbd1ba47BFf0dC78bF92215642
1050	0x91FEEE9C6deade27Eb7CbCa039D66236b99D6dC8
1051	0x97EdB0050EEDCFaDF24484df83e00a1Bc47a6931
1052	0xf35F6DAc0984FE3d31B0e75adC366Ab0F9761FDE
1053	0x93FBb49F8529E8dfBEb66BB21C24F64C866C2997
1054	0x8d8ac1dB5492f0F81a5965224Bc9695cda65d6A7
1055	0x762dfe222D1bfFf301125D2e454810Daad704575
1056	0xA8c24aadc266848abDd13e4d0c1914026271aDf1
1057	0x2120e8F05Cc4C53a2702b836f3eED43ADa95bdA6
1058	0x96E542D74b99A9ca41247C6fC315861F3a22Cf39
1059	0xc381C1dF4372EAB434666202B2A751eA58aD3a20
1060	0x267be1C1D684F78cb4F6a176C4911b741E4Ffdc0
1061	0x29Ecf2b0aa6E9592a7871A48Bca2F9B46BCb70DB
1062	0x2D83D7F86362bF330A5d086a70E80de762402094
1063	0x26678D1022671137f1159A8D013955a91B92DcdC
1064	0x0895C5c25C5Db74066CF7D520fC8a3979d5E4919
1065	0x3f3a26857b3bdE848927fAfCA975b2EE5Bcf1390
1066	0x2Be78D317ab326AbEFEd0EB748932C499C961DdE
1067	0x0ceAc5Fe1f95EDc3C2AA653A55A9eF2C05508488
1068	0x5A7978bB970F92AfE0A6b0461Fa8843214102e70
1069	0x8eff43Df793D012709f91eF33f06Dc6788aA3155
1070	0xdcD29884ac3Fc006222C88ec8d0c118b1f877f85
1071	0x88507B42edCEb94D52D2FeCF0C6CF3Fb75abdae6
1072	0x06FC63b5C211aC29A9dA0cc24461581786163a67
1073	0x09079f9448e4DD35ebF80A5b74aA39DF4Dad52B0
1074	0xaB53aa1eA83C4E8166C02964E057c362ea55DF4D
1075	0x9030620827079d4F4fb4Bc396c47311Fd93b3EEb
1076	0xb739D0895772DBB71A89A3754A160269068f0D45
1077	0x9738029143dd7e8d5aE0337bc06433D89572c386
1078	0xe039073489046115A0a6e296F741a1CBd13D4030
1079	0xBc4C6A896a1176eb17570fd39c8c6A841288D043
1080	0xEfD7891280436982cF30302eff48e4C230777811
1081	0x72EE4eAa0374Be1dbE4BA904cE997c5a082E28E8
1082	0x3A5eC09E5eE6530Ee2eF1514A7925a6cD905Ba0A
1083	0xD4Dcf625b893604aC871e902ba9dE82f87A7c835
1084	0x865c29E482b08a559079802894855f5FB86cB251
1085	0x6c8dd0e9cC58c07429e065178d88444B60e60b80
1086	0x28C5B0445d0728bc25f143f8EbA5C5539fAe151A
1087	0xb6520e0f9Fcce7bD61e68fF053EF363dc5c14Cf4
1088	0x2A5ba6819249aa93c0ad8711a9F8058360083Fb7
1089	0x906BD580b8b593A7Cf11e44dA1575156C6F469Af
1090	0x5d6D43628c6665b4086DcF167fca21b65Ec87Af2
1091	0xe714fCa4698d9738C85EbbE37788033c7fcAb5EA
1092	0xf9695Bf51ed40539316058e9D79CCF96DdBa6c02
1093	0xb6c205c6723aaBe8b1957ab946f8c718e3e2c907
1094	0xcD9D1273D80ca66686BB1A117CaAB31A4C3591F8
1095	0xd497cb3983A2C957A4cB7CD7f33deB3dFF9Bf500
1096	0x9562d6631C0d2da47E2186E78267811786f50eE8
1097	0xdA612381e6B2616dC5d0b917808dE7F88c2923cc
1098	0xe0A5FB52cD7712F2815371f8eb4f27EBC0d8F67a
1099	0x17EF4749aC70DBc4c49cd3E9d637F7FA30E5CD4D
1100	0x0eb5077211db861e72C336C0Fe045656C28C4E2C
1101	0xCB14035376dE440f2F9Cf3b1C0933DeC408A9E0E
1102	0x030b3a12366Aa84578a1D6ACA21127717ff3037f
1103	0x9Bb958B54A36d6ffC07FE48BAfeF29DFE06D9aF6
1104	0xa071bcAA4556dC9c5c5e7bF3f072ff9472D21Df4
1105	0x5CE002d505803a69b90AeF11051C8aB0b44fF661
1106	0xcc12560F20769B08195d19d16E2e95A6D59E9989
1107	0xAeB8Fc697689E281D39f36BBAca613d0d9eFa1ee
1108	0x90E10A055d26445c99a3340DCF5eCd0e3A196336
1109	0x9E1c34770c3fB48bD36528B98C66B86F9A33428D
1110	0xE4d8c167d5289d15Bb3ae541a8cc336fFA9A8Ae5
1111	0x88c3fbb324047bd2f0a477Aa68e55856106ab6f6
1112	0x14CB592D1524B681481e40f64BBA3184141b29ce
1113	0xFd64E8E4e7DDeC10FD7b1667f3409307dcb5D1c0
1114	0x4d5C62cFB85E79C57cfcB1b9a500dC9802C980fe
1115	0xCD7e6C541B4DeC21CEEBf490d89492c82C6Ffc97
1116	0xd51Cf614f48b9a2bBc8De33B45F46974D225CDb8
1117	0xAE396C605ee799Ab6dA5b275fcbBb684F71F8539
1118	0xf5FdC1f649B59772534Eb2b15A999dcE10cc7a43
1119	0x928c999Eb8bBB9ac8c138ce5Ff346A6dA8dAa9d7
1120	0xC8912BF138fD76181873737d29722661696CAF93
1121	0x544b6828e84C45CebdcEE4eEF1C00528c069Da4c
1122	0x038bc71d3c4D12322976De688d6A9fC073A90842
1123	0xf044048970Cc147D75ba7b44171cc682341d1284
1124	0xb3867243cEc661f2838C6b0C1EDc4B621C2B3850
1125	0x7A6E8a0e08F8Df568f9876908634c3829690A6d6
1126	0x01772E50f13f21E6A278e692423C4D514837F9dE
1127	0xFfD87fa046dF5e0DaA4e5C6790E8b8f8a56C7C9d
1128	0xbEFe3f840256A2602388937b56A0ce54460E3A55
1129	0x0e7E007a4ca12ffEd922e7A9AE3D45047592eE22
1130	0x5fCF2cAe7616d68D0Ed78ce9F80ac0a7fbf6664f
1131	0x4fF2A7867914157Ce98Ae332cD0e44c2279d45ff
1132	0x5f2c8Ae19e310E9a7B05954a3971c32D686457C1
1133	0x42836181639d9dD9c7D3A0AfaFFA233E73605A43
1134	0xC122607867F9306224115caB513545084634670E
1135	0x389BbB2d9dd0284b35A24E7a1DfD37E8820b6E21
1136	0x3DF7eE75423563D59aC405Ff3d099AdcE131e504
1137	0x05D5D33fd411a95bFdA13BfFaf26D4C8Ea698287
1138	0x47b536ee42020dF30C45315534515712fE2B37EC
1139	0x0D4778cDE53204d446350fD472A68B45941f3785
1140	0xd3EB5188A860fA18ed9C50e4Dc3697341AE9e127
1141	0x5367286C006c90C87db375Dd9177a08eF2195986
1142	0xBBcC60582c7CC3aBceA7655DD7EEA2af2f8C468e
1143	0x667d4e24AbE292F12E526675ff3B1a69Fa2e117A
1144	0x345D36278C8DB41C4A944d58b38A6540F4c4eB90
1145	0x90fb02486Dcf2541D97de1fa1950CA4285EF4aa9
1146	0x3D5b4Ae13D035A4C017bfF81e9F7f9a6D531db65
1147	0xB9d6E28466816A5A2Fece874785Cbb40E3BC4Fa9
1148	0xbE3163F30D1ee64bea181Fc7fa25972B310E24fb
1149	0xC115C51a1bf9DdE7B1eD0861E18CaA27f24C3Be9
1150	0x1E12b042201A20F7295C0e9B490Dc35754961937
1151	0xbCB40bD3375093f8DfFa3aFdc7aa8f16EF55EDA1
1152	0x5CfD79b7eb80A20bD53229918D3C91A3bF0Af4cf
1153	0x22a6E3Ed68FCF9f7881FB3e2979D4A2866FF298F
1154	0x8AB34eA6696d9C3a0e39EB486291A35fdDdA5c6b
1155	0xE0B33BA02b7fCaE6583b1B811CA657f2fC85079c
1156	0x572c666548958a9505Ed4e21521b02Ef66316Dcc
1157	0x7Ff5109b445eDDB6a0Ce392e75a7eB359Fa0b069
1158	0x23fd63e9fEFb88Fc48A8d7B09F34779eb0fc346f
1159	0x68fCcd67Eea791C82A695AA421ad49Dc63412771
1160	0xeB6c4bE4b92a52e969F4bF405025D997703D5383
1161	0x5bC8fC3A944dfdEdc49C986db6d8cf97b834b19e
1162	0xf55b5c4f54bdcDF839cc4872F78218d8a6BC5fA8
1163	0x5CaaEFAA6Afc3F32b2a327893b410CA8f48a1bD2
1164	0xe0C1f6d05Be3C2dbb8d9EdFB456d3f6AAE284B6D
1165	0x206Cd1821db6148678D9B4FeF0573DDa30aa84bD
1166	0xF5bEC430576fF1b82e44DDB5a1C93F6F9d0884f3
1167	0x7070D8090Ab68b9B11F1eA68107E3eD08F288370
1168	0xbB9dea19709007bB59fDc6BCd75c731C2406096F
1169	0x3A475277098837AB3f6a72973BcFC25e67872def
1170	0xf19E65403966934071bd8cEb72F897cCb12e8d75
1171	0x78EF3f3588A1B05ee4B86549860827d9Bb6da61C
1172	0x026aBEa3de384B6FA53e67282146da4027DB1721
1173	0x7a2419ab9d1b0b08B4AdACaCa472db09Dd8920A0
1174	0x4d846dA8257BB0Ebd164EFf513DfF0F0c2C3c0ba
1175	0xABC883D65b4FceF8980EcFA93B93278FD5e42139
1176	0xE64Df2647e14c0B001C16683881F81323A1AD80d
1177	0x722bd6e16651f0bE1b8ae2DF166fBBED9ab13758
1178	0x942e405978A26476be5d743EbcEaf0572Ff6632c
1179	0x80743DE3831D281E6c9c78A2abfeb10ad15171e1
1180	0xA7EFAe728D2936e78BDA97dc267687568dD593f3
1181	0xD7efCbB86eFdD9E8dE014dafA5944AaE36E817e4
1182	0x0bf2fBf465670B59A51bFecDA1e823912426D2FA
1183	0xa0Bd686771134B29e1BDE4f6497f8f574De362d9
1184	0xc0A092F77B7F75Ad0610e6F3947e1733730C5067
1185	0xfB32740e19a9889473815418e84475aDFe282879
1186	0x395843CF93761c96Dd3d36b3CA611f9e8827539E
1187	0xBb7AD5709ED3578041c87821a7c5f0DE86c49Ba5
1188	0x6862b7058582Cc080C700DB09914DDF18d200920
1189	0xfa9f7a1cBfBCB688729c522b4F0905CcF4d26D25
1190	0x8b81f67c57594500F16DD45BA2a8ea24674933Af
1191	0x1A048618589313EA9D78D4e71F3d00D5fC281BaD
1192	0xeCd8811bbB9A8659e7072566d13B91F9Fdd75371
1193	0x81A5Ba72ffb62C6f40502AC88202B10b49bDa593
1194	0x42541a2Ba03cAe418CdB70525c55a0A0a5FD254F
1195	0xB7763dFD663af6BA5d479741a7f389FbEF0AcEe2
1196	0x2D72620e7B2b7dbc02d80B84dEB6b5261688b178
1197	0x434420D6BA1fFcC41Ad50a8D9dfa8E52211b4986
1198	0x40cc7DDf5f091F4a1F2B800B6f996047F2A7fB3E
1199	0xD930D6b2D06E204D21d0D3EaDf05926cB1F05B70
1200	0xeBe1125c2Bb2676C157A0948AF88b9af17f9bAbE
1201	0x13E0aA612D142DECD6f146afF4a04a7D089f2053
1202	0x1a9dcC71c84286DaBE76C54d08d8200f5C86229E
1203	0x8ad6100c21e5674942BF0644Dd34667CDccc1D68
1204	0x472956f251D7AEA52F69b2489CaEC52762d59800
1205	0xf217CAD75B4c33Afa79893a219B25AB90ab0dc30
1206	0x33b14ED75a8d28A8B734079486911016d77F229c
1207	0x6f76Ae27ec900069E26472613570b62D354e7269
1208	0xa93A91FfBaCE5Bf568b39d5E0bC17a90C1d9209F
1209	0x33Ddd548FE3a082d753E5fE721a26E1Ab43e3598
1210	0x21601834336230a1A9eD70DB9fd1eE4f4EA9C4fD
1211	0xcD3a2e542cc0D7E2c2bc5804E07A7AF18264e650
1212	0xa9dc457d2C008A8d9FC9dEaEAe478e8f87400466
1213	0x759C4eBeBE5071DB56C78B6c7bae53c15CB2F6D8
1214	0x40A8396BcEAcF3Bc36143d45b65E93815F40A9AD
1215	0x479F8F9855b366B824F693488d1E08b9D4f13F88
1216	0xB649D01BC5EFCB70CEABd74e07faAa4F1b6B11cf
1217	0x4F23a9Ce8779A14bcD5E37F5B9cDD8924730B121
1218	0x100aCeCa80c6384636cBd81428ce85F588DA38e5
1219	0xB4c269864aA4ae37258b75AfD82aDaC6BB99Ed6d
1220	0x837D469606c47308CF76E38Bdc1d7ab662043fBc
1221	0xED5e461999B1Fedd00797a818Edd75C727Ed948F
1222	0x16B7ef9171583912F58958C56748F3b0af3E24b6
1223	0xB8E475a41E45560292Ce6563dc2DD52827D0175a
1224	0x0234c03bdB2f79806bc51D6De7D3aBCc01c84CfC
1225	0x9B18549B838952C44C63973FD07188dC467161A4
1226	0xF8B18112a1f7e5A81e599D0CE91246Cf216cA7C4
1227	0x96665F6088EEb1ddE18D08B2C34E50f381A5e103
1228	0xB1E8A8A8834a0b38378Ee22d088d447aa0474C13
1229	0xB6E7Bb28EcF0D707a665b6b48Eb9D1BF3219aBb2
1230	0x481A50206B647e9A2F8f4b947110F64ffa7fbBBd
1231	0x810801D0A9f16e5Bec97b27fD18fe69bdEc5ae2d
1232	0x74526F057b8B6FC6cf130cf66ac54Cf50606dE7d
1233	0x430394656619150Dfb1CB908AB0E109B372Bc94E
1234	0x21C98da1E86aEB5551B170aC72b9342A63E84beB
1235	0xa0EE8E741FDa8a27c289382b3A558af7c7Af2B78
1236	0x8907bF5612ccfFD6029BE66B2D366af7BCDd66f7
1237	0xAA1b49d5f9Ed3561589585Fd2b6EC5a2125A3756
1238	0xa5781e4b314608490DD142C9ABA7AE5E91Df45eC
1239	0x79eEE0bD608AA64F19334E4205B8a3887c7a6B68
1240	0x0473e1334DEd66f41B93F3d0dA4582BCd2aC245a
1241	0x72A53cDBBcc1b9efa39c834A540550e23463AAcB
1242	0xC329bCbeE9129BEFD78bFaF63086eBd9A9940634
1243	0x04C6036Ba409Ddc2d0d98D3B8d7B3D2EFC9CB03d
1244	0x0c541EE185BaF93F95FD8e826A749F492c5d85CA
1245	0x746A034eeE8A2f1Dd5Fe503b33F16f0513cC46b3
1246	0xce9054C2D5F9Da0B89bEE1969BE4B1dAfCa5440a
1247	0x5e8C1A67998C960F87DA82bB66105c710726843f
1248	0x37CA449B261DCBE65F7Eb2b44bb4C0d2AabF996D
1249	0xd736576e559C69d18036D52aFfDd33Afe6657711
1250	0xdEe9C36fc2781A7f49C3Ee3C4E2FbC0175c47f63
1251	0xE3D31424B62E999E63A2DD768E94Ec32A9527F75
1252	0xa63A81e3921169b5Fd565D54Fc84c9a359893CB2
1253	0x6ed3F2f510c8735D914D1047194e8e8b17c6E5D1
1254	0x08A044297A6a3E7f9Bc023F1372266DAFC2A4Fa3
1255	0x3b42782431e7D1c70F4cC7081aF35896A224F681
1256	0x36e2db789fC0D53827D6400767502e33A7594f90
1257	0x2aD2e75D6Fd17F26Cda8CD36eAFdEB3263951159
1258	0x5A22A47D27e3b5c698eDbEF8e98d319c86bF281c
1259	0xe30e004Af1375fda0fcE176a70f14664EBd457D0
1260	0xF0C815843fEA7aa50d59A79797091AE5F8D1dF7B
1261	0x558d3a976A24A1044AA52FB9C3A17685eC385318
1262	0x73B44e3a07d6152B01deE67b8C374093C1F3373a
1263	0x58cd5d2E15f0abAa6Eef746531232Ff6D2FE7B26
1264	0x1f18bd5dCc16C4A0158DE036Efce409D5F995766
1265	0x4372cA78054E628485Ab9095f89556a624Fd3F9A
1266	0xe25829770F00119b2d118De5b7F3e42f1952BCD1
1267	0x103Be5D83406f2a297c0134f93FC59fD354fd228
1268	0x5A9E610e1397C0C98A0B66929a76E683F54Daa56
1269	0xeACbE584D08444652800E1d1348a4C05167fd67E
1270	0xFBe973757E0B8cEEBDDd8b3f1A05de34Cde9aD14
1271	0x2350eA374666aFcD7c5a112edF37E53a2C78270B
1272	0x51836A753E344257B361519E948ffCAF5fb8d521
1273	0xD1Be1318D93c4b0B8e9B61f82b5B2f12D081ab98
1274	0x1cAe3B94E226D1b11f3a66828B36752289811Ece
1275	0x183754ad141c605A563Bd946814ce01821055FA9
1276	0xa711C6d9f9089Af2227479dc6D3B9F560Cb5a327
1277	0xAdc524D9fF66Be937e76D8A542E5CebF579AD334
1278	0x4F3a9F7B259008308b4Cf0FD01a4CB17c5Fbc511
1279	0x4Ee39d2A02A8363bCD37a70d786399Cc737073b7
1280	0x52e1AD4805eaDa813f01555EC682a571F0cf901c
1281	0xB3ea19c75d467c449b178a74f0bc03Ee905D10Ce
1282	0x41B0231A286F4da4654830E726095C3f3d2065F3
1283	0x49aa6E2E8363debd8c54CB6FF4C5ecAc07Fea06E
1284	0x822b5Ed153Be22af150e386b37A6dc9b20c69144
1285	0x60A62DbE855d4c22D65E4fdb2513ef2853e3f565
1286	0xA3af00a4Ca8A11b840b1cb190d1C1d66Da1546fC
1287	0x4dA4F405E92f59c6d345030B86D204c0bed6f167
1288	0x5239a01F054A7C715D7B3785818E4e8a86Ea7951
1289	0x1d8A519358964861EBBb9A757d2f8C4A8d49Cc60
1290	0x000000007B46D81c9C1d6993AA5fF8233ceb16ee
1291	0x26F1499FDc414c69b0F4a53fEa2b6CbdB4909d6e
1292	0xDF673958a350Ed01edd725c99B7C04e76DE6f4B7
1293	0xd6b8439A559865B44282356987e7E7A5e86053F1
1294	0xfe844d8235B9F959dF12F59B03bF8131DfCeD116
1295	0xB8D8D919244f8015ca3C61CD7211386a477fCE53
1296	0x34a8f97C969225F6f052AA35c0484c65abFFd8e8
1297	0x6112083d4BB12dBF64e4850842685aaEfBeAcb10
1298	0xB2CD2A5cCDa469D27FbBeb5fBF880e0Ed55874B8
1299	0x30BCB5970A8055F37bF926E340bC207De8B194d2
1300	0x0ec67878A4c3D919a32564cf32CF2eA4A92E15A4
1301	0x363254d97F30d2893EBb9BeA6cAc6BB12a209F1C
1302	0xe50AfeE4482e3805C65265748BD99293203f2728
1303	0xc30923B6999db5ed7991edf9c48e34B74a98D87b
1304	0xCD0c2f0fbb78f5F3f7467927B9ce395DC7519276
1305	0xD517457D85b352F642B4a4612d166bFA9f8230bF
1306	0x7F3b4F401f1e1c513a16EE24fb41c8F555d9bD69
1307	0x895a197ec87b75644679e02a5A6c5B2717546FB1
1308	0xcB9078cF8A19B5B8AAA776C770D28B299eCeE904
1309	0x78A4B2579c8B6F65e8d17010898412c06FC134d2
1310	0xcBc78Dd2C5238049532D97884f13a03fe5190BAE
1311	0xCB2B6d85BB65793134e81d7Ea97abFC8d748eE35
1312	0x899B6945ba16671e8024450a3c7BabDb37CaC150
1313	0xCCaAa0598c5bB5C4Cd199D676FC7Cb261C171f9a
1314	0x96242408108759B262D3a0bC24fF6D5de3ba14CF
1315	0xD7a0732C09712379a7d7Ab888B91eeDA420B61EE
1316	0x4c38A6962C8226ff4a7003CB66Ca5c644cE0d1d2
1317	0x4D1067A162848e7FEF235F784a7D5E23C431BCFB
1318	0xdF477D158Ee1607894CE0a9E7C8b901FB00Fa61e
1319	0xd70a433e0008741a1d93B6e60509FD746c6818A0
1320	0x331751d6c95E9f413B82b8D267b56f0abf941843
1321	0xc8682482f02315332b4dCaf83e9cB8a7Eca4ee9F
1322	0xFebc8F7e66bA6d35c0AcAc068C2Afb7449065879
1323	0xabB09b656f1D2F932a33ecad3314f650800E66b1
1324	0x534f3C83a5750367C00d2aE49Ee7Fb769DD1A238
1325	0x8697Dbb0152426305D6a82C0e06b739ADEa5b7B7
1326	0xe577Ade481764811F90431FBA266E7ddE5704324
1327	0x61c2407F18f4391c055520A6F0a88e81714764aF
1328	0x94916F47fE602B25DAaC6F087981De7D6b5dBC1F
1329	0x80657544B47B12b8d07d8010C9485ceD3C2ca781
1330	0x65DCF7782260Aa1d6642a85f36c0Bc9545182F1e
1331	0x3E9E964c6701cea9731C3ADc441af56cd3E3F1E5
1332	0xBA1EB0A2A3d32D37e524424251d938658A103CE1
1333	0xc9B81F9bF863A36341D289336c001C4Aa4Db7A30
1334	0x7dfbcBf611F9b4CD32E8A48b496A00c64dCc4e29
1335	0xdfbc270071d0DBe380B2D343DE6D10Acc39f4bf7
1336	0x76c50C45BC82861c2113431B030683c0eC505F12
1337	0x6B201D2f64939C65718F2e0a7Ec33c2a1645991F
1338	0x28f5E9Dd5734993e79e60E110E10B8F1dd220116
1339	0xef5f81745F01d4B753F31517132BaFC1e2d4E7E5
1340	0x3A4EA05424910a87e2b96b6B2DC3Fc6126c0017d
1341	0xeA0298c3409b5721C75e9158Bf8E2108D9a5cF5e
1342	0x9cA42305239D529EA612fbE90138E677b49cBE94
1343	0xceE466F48610529c9d90eea7d5BAaDa1ed8eaB3e
1344	0x9613EEFf69C7951AA7040C729dD0Cd1521bf0e93
1345	0x23e7E9B4488FC7986e645c4773BD572A273bFD18
1346	0x60E4e2e6AABD9d9649F442591495fA61aA6Db8F5
1347	0xCD3f4F748EE8a4568158Cf6Da26541c1C6f8E3d5
1348	0xdbaCe0093f4623004E161c4844309e35887c4477
1349	0x1E7A953C5a63FA6EC4d68f503Eb1da51c8C5bE76
1350	0x8579Dc451DEA9414cd6620F69bA3C9ddBb992092
1351	0x00A837eccA35Be42e9e948d42E30662A58eDEF76
1352	0x28846f1Ec065eEa239152213373bb58B1C9Fc93B
1353	0xDE120e4085d8b2D1E9Bc85726E3266c0EB90311d
1354	0xb7149c621F35B5a0beb1E59949d7472c37b79894
1355	0x2f0dD47F960EBbf1a6b99Ab583aCCfb37550923B
1356	0xe8FF8177e3850D78C57c1c2a4f7135986dbC8576
1357	0x720a269a81C09A5F6D7ec0bF4Da6EdA9D68323bd
1358	0x0AE0aaA70387F05d7011dD658D487CAD4a8b5AE7
1359	0xee0A45bdeA55891B9B3b6724DfBB9459487c3aC5
1360	0xDDffB63507f83db74Fb2a0C1969837F626e07A5e
1361	0x3657b9Be826327D56040A89bDeac7926f3f6a786
1362	0x4865Dff846d2F5Ebb1201B6499C852bf52de9c86
1363	0x91c7e09FB1dBb7a95972315dA8BE0A543D9C794A
1364	0x7E63a5ca54252BDd64403E1922c598121A31531C
1365	0x6CAe311cF0Fa8DA5FDAF5B4EA4C2B6A4746d0A5a
1366	0xBaeD383EDE0e5d9d72430661f3285DAa77E9439F
1367	0x2D1ca1Cc269462cf5fa3006280830d552C1125bE
1368	0x37F8e0e5dB4267278432AAFB331e36A6A149E25F
1369	0x3f5D701dFD016a64e051D71f8240F23c6c3194a4
1370	0xAf255Edd9208C7fd3660240ECAA44eadBcb07E39
1371	0x65b271892F229FAe49022979ED4D6C2e1e3936b0
1372	0x945d99072Cda0b0ff32d7a5B9E3DBE17FA52Aa98
1373	0xD7786716d00B20F2Af9e5555c48Aed39232016d9
1374	0xa17bb2b96685fbCC4FCc6758A1373913F28F934F
1375	0x00Fb51448916b26ad2Bb54F8278207cA24D6d771
1376	0x900a21649617aE162646a6a0Dec62B6087378071
1377	0x9e7b0f95d369A5b7F75150A439E33D2a802098dB
1378	0x0b0754b34957Fdc6B6F480B080771FCee59953F2
1379	0xD9217001A3733199B2f1507931D2A37e04116DA3
1380	0xFb5647b3335C1567C8B3BA69912E09CfA5b84F78
1381	0x743E0755Af5ED153b67709EA13e07b0b3FD0a669
1382	0xB72b0fb71117485eC6835652cEcb743c4e66f629
1383	0x3B15BffEDD07fC0dc4C60Dc7E940D79B30e24798
1384	0x0f8eE982F626A99954614566137079440C6d396b
1385	0xE1FC669A19501c480E95F16eC52EE4d997b8B3d7
1386	0xb27b3CD0EfD8F70257CEC812Ea4330670C4D4fc5
1387	0xBe52d163232F62D3872448b704FAb439f3e8B9B3
1388	0x6d86a73A7511523671F2D44811945ffC3143a714
1389	0xdf158D9622839CF25625d05cd783E092a713dDBb
1390	0x0e2F09B85BdF37bD2209002e1f5EAda1a48783C6
1391	0xE16C524A567e81f5b3cbc18C67EBc13d71a54281
1392	0xE5Ee4bE9AC58AEA6aDa1b560be9E0e087f71B971
1393	0x9155FEBEaF31c8D392d89F9E4379877Ac152dbD4
1394	0xdA494ca64cC7C878A51de303764C64C2402f146b
1395	0x717b9E1f0C0E051AFF602Fb6544392E2c9C15dBc
1396	0xf5dc596781e999519fae29A9B4B7e786C5a0be52
1397	0xc3bB99E36Bc916ba68a1cA7ab3cBC16d0527cF18
1398	0x4f2f9450a9015432f8FfD36219e88348E8555165
1399	0x373c533eA02d0bC0bF84e6be22DF16dc022604fE
1400	0x244f6A2923664A5fb35aC0Ff141960bE608b7580
1401	0xecBC983fC7918417214f4d81B764B7E9B3564B2d
1402	0x71ae712A2C29D63F6283DccEef03710a20a97910
1403	0x53424ac9BeDE2dc490Fb7F26FCa044511A5925f3
1404	0xEA3c40f5CE5Cae971c26285bB6E0531BCaA6878e
1405	0xb7781A05871302605FE351B928b46046B24DCC85
1406	0x73016110F3A0e7563Edf369D94Eb59F796A63D24
1407	0x4A267CDc390F3dE9Ab2403Ace36B480D8614a0f1